FPR_Micro,TPR_Micro
0.00000,0.00000
0.00220,0.00000
0.00337,0.00000
0.00374,0.00000
0.00402,0.00000
0.00440,0.00000
0.00468,0.00000
0.00473,0.00000
0.00496,0.00000
0.00510,0.00000
0.00529,0.00019
0.00547,0.00019
0.00590,0.00019
0.00599,0.00019
0.00608,0.00037
0.00622,0.00037
0.00622,0.00056
0.00627,0.00094
0.00627,0.00112
0.00641,0.00131
0.00650,0.00131
0.00650,0.00150
0.00660,0.00187
0.00688,0.00187
0.00692,0.00187
0.00711,0.00225
0.00721,0.00225
0.00721,0.00262
0.00721,0.00281
0.00735,0.00281
0.00744,0.00299
0.00744,0.00393
0.00744,0.00412
0.00744,0.00449
0.00749,0.00468
0.00767,0.00487
0.00777,0.00487
0.00777,0.00505
0.00786,0.00505
0.00786,0.00524
0.00791,0.00524
0.00795,0.00543
0.00814,0.00580
0.00828,0.00599
0.00842,0.00636
0.00847,0.00655
0.00852,0.00655
0.00856,0.00692
0.00861,0.00692
0.00866,0.00730
0.00875,0.00749
0.00880,0.00749
0.00889,0.00767
0.00894,0.00805
0.00894,0.00824
0.00903,0.00842
0.00908,0.00842
0.00917,0.00917
0.00926,0.00917
0.00936,0.00936
0.00950,0.00992
0.00959,0.01011
0.00978,0.01011
0.00978,0.01029
0.00983,0.01029
0.00983,0.01048
0.00987,0.01048
0.00992,0.01067
0.01011,0.01067
0.01015,0.01104
0.01020,0.01123
0.01029,0.01123
0.01039,0.01142
0.01039,0.01160
0.01048,0.01198
0.01057,0.01235
0.01076,0.01273
0.01104,0.01273
0.01109,0.01273
0.01128,0.01273
0.01137,0.01291
0.01146,0.01329
0.01170,0.01348
0.01174,0.01366
0.01188,0.01385
0.01193,0.01385
0.01212,0.01422
0.01221,0.01441
0.01254,0.01479
0.01273,0.01479
0.01305,0.01497
0.01324,0.01535
0.01357,0.01553
0.01371,0.01572
0.01390,0.01610
0.01418,0.01666
0.01427,0.01666
0.01441,0.01666
0.01446,0.01684
0.01460,0.01684
0.01488,0.01703
0.01511,0.01703
0.01521,0.01722
0.01544,0.01722
0.01558,0.01722
0.01567,0.01722
0.01596,0.01759
0.01600,0.01778
0.01610,0.01797
0.01619,0.01834
0.01628,0.01853
0.01656,0.01872
0.01675,0.01872
0.01694,0.01909
0.01708,0.01928
0.01755,0.01965
0.01769,0.01965
0.01778,0.01965
0.01792,0.01965
0.01811,0.01965
0.01820,0.01965
0.01825,0.01965
0.01839,0.01965
0.01844,0.01984
0.01858,0.01984
0.01867,0.01984
0.01867,0.02003
0.01881,0.02003
0.01918,0.02040
0.01923,0.02040
0.01923,0.02059
0.01937,0.02059
0.01942,0.02077
0.01951,0.02096
0.01961,0.02096
0.01961,0.02115
0.01970,0.02115
0.01979,0.02115
0.01984,0.02115
0.01984,0.02134
0.01989,0.02134
0.01993,0.02152
0.02017,0.02171
0.02021,0.02171
0.02021,0.02208
0.02031,0.02208
0.02031,0.02265
0.02035,0.02283
0.02049,0.02283
0.02054,0.02302
0.02054,0.02358
0.02063,0.02358
0.02063,0.02377
0.02068,0.02377
0.02073,0.02396
0.02082,0.02414
0.02082,0.02433
0.02087,0.02508
0.02087,0.02545
0.02092,0.02545
0.02106,0.02602
0.02115,0.02602
0.02115,0.02620
0.02134,0.02620
0.02134,0.02658
0.02134,0.02695
0.02134,0.02714
0.02143,0.02733
0.02143,0.02751
0.02148,0.02751
0.02152,0.02770
0.02162,0.02770
0.02162,0.02789
0.02166,0.02789
0.02166,0.02826
0.02166,0.02882
0.02166,0.02920
0.02171,0.02938
0.02171,0.02957
0.02176,0.02957
0.02176,0.02976
0.02180,0.02995
0.02180,0.03032
0.02185,0.03032
0.02185,0.03051
0.02190,0.03069
0.02194,0.03069
0.02194,0.03088
0.02199,0.03088
0.02204,0.03126
0.02204,0.03144
0.02204,0.03182
0.02208,0.03200
0.02213,0.03200
0.02213,0.03257
0.02223,0.03257
0.02223,0.03294
0.02227,0.03294
0.02227,0.03388
0.02232,0.03388
0.02232,0.03481
0.02237,0.03481
0.02237,0.03519
0.02237,0.03612
0.02241,0.03612
0.02241,0.03650
0.02246,0.03650
0.02246,0.03724
0.02246,0.03762
0.02255,0.03799
0.02260,0.03799
0.02260,0.03818
0.02260,0.03930
0.02260,0.03949
0.02265,0.03968
0.02265,0.04043
0.02265,0.04118
0.02269,0.04118
0.02269,0.04192
0.02269,0.04267
0.02274,0.04286
0.02274,0.04342
0.02279,0.04361
0.02279,0.04398
0.02279,0.04473
0.02279,0.04585
0.02283,0.04604
0.02283,0.04660
0.02283,0.04698
0.02297,0.04698
0.02297,0.04754
0.02297,0.04791
0.02297,0.04829
0.02297,0.04885
0.02297,0.04904
0.02307,0.04904
0.02307,0.05016
0.02311,0.05016
0.02311,0.05035
0.02311,0.05072
0.02311,0.05091
0.02316,0.05091
0.02316,0.05128
0.02316,0.05147
0.02321,0.05147
0.02321,0.05222
0.02321,0.05372
0.02321,0.05409
0.02321,0.05428
0.02325,0.05428
0.02325,0.05503
0.02325,0.05540
0.02330,0.05559
0.02330,0.05596
0.02330,0.05634
0.02330,0.05671
0.02335,0.05690
0.02335,0.05708
0.02335,0.05746
0.02335,0.05858
0.02335,0.05914
0.02340,0.05914
0.02340,0.05989
0.02340,0.06120
0.02340,0.06176
0.02340,0.06326
0.02340,0.06345
0.02344,0.06420
0.02344,0.06457
0.02344,0.06494
0.02344,0.06532
0.02344,0.06625
0.02344,0.06700
0.02344,0.06719
0.02344,0.06775
0.02344,0.06794
0.02344,0.06869
0.02344,0.06925
0.02344,0.07000
0.02344,0.07056
0.02344,0.07093
0.02344,0.07150
0.02344,0.07187
0.02344,0.07243
0.02344,0.07262
0.02344,0.07430
0.02344,0.07449
0.02344,0.07486
0.02344,0.07543
0.02344,0.07617
0.02344,0.07636
0.02344,0.07711
0.02344,0.07730
0.02344,0.07842
0.02344,0.07861
0.02344,0.07936
0.02344,0.08010
0.02344,0.08029
0.02344,0.08085
0.02344,0.08198
0.02344,0.08235
0.02344,0.08329
0.02344,0.08441
0.02344,0.08478
0.02344,0.08591
0.02344,0.08703
0.02344,0.08815
0.02344,0.08946
0.02354,0.09021
0.02354,0.09096
0.02354,0.09115
0.02354,0.09190
0.02354,0.09302
0.02354,0.09377
0.02354,0.09433
0.02354,0.09470
0.02354,0.09545
0.02354,0.09583
0.02354,0.09601
0.02354,0.09714
0.02354,0.09770
0.02354,0.09789
0.02354,0.09845
0.02354,0.09882
0.02354,0.09957
0.02354,0.09994
0.02354,0.10013
0.02354,0.10107
0.02354,0.10125
0.02354,0.10200
0.02354,0.10256
0.02354,0.10331
0.02358,0.10425
0.02358,0.10462
0.02358,0.10612
0.02358,0.10649
0.02358,0.10706
0.02358,0.10743
0.02358,0.10837
0.02358,0.10855
0.02358,0.10911
0.02358,0.10949
0.02358,0.10968
0.02358,0.11024
0.02363,0.11099
0.02363,0.11136
0.02363,0.11211
0.02363,0.11230
0.02363,0.11305
0.02363,0.11323
0.02363,0.11473
0.02368,0.11492
0.02368,0.11510
0.02368,0.11567
0.02368,0.11641
0.02368,0.11679
0.02368,0.11754
0.02368,0.11829
0.02368,0.11941
0.02368,0.11960
0.02372,0.11978
0.02372,0.12091
0.02372,0.12165
0.02372,0.12184
0.02372,0.12259
0.02372,0.12334
0.02372,0.12390
0.02372,0.12465
0.02372,0.12484
0.02372,0.12558
0.02372,0.12615
0.02372,0.12690
0.02372,0.12802
0.02372,0.12821
0.02372,0.12858
0.02382,0.12858
0.02382,0.12895
0.02382,0.12952
0.02382,0.13026
0.02382,0.13083
0.02382,0.13157
0.02382,0.13270
0.02382,0.13288
0.02382,0.13326
0.02382,0.13345
0.02382,0.13401
0.02382,0.13419
0.02382,0.13476
0.02382,0.13494
0.02386,0.13513
0.02386,0.13625
0.02386,0.13644
0.02386,0.13700
0.02386,0.13738
0.02386,0.13775
0.02386,0.13794
0.02386,0.13831
0.02386,0.13887
0.02386,0.14000
0.02386,0.14018
0.02386,0.14074
0.02386,0.14149
0.02386,0.14206
0.02386,0.14318
0.02386,0.14355
0.02386,0.14430
0.02386,0.14449
0.02386,0.14505
0.02386,0.14580
0.02386,0.14655
0.02386,0.14748
0.02396,0.14786
0.02396,0.14823
0.02396,0.14898
0.02396,0.14954
0.02396,0.14992
0.02396,0.15066
0.02396,0.15104
0.02396,0.15123
0.02396,0.15160
0.02396,0.15216
0.02396,0.15328
0.02400,0.15347
0.02400,0.15366
0.02400,0.15441
0.02400,0.15478
0.02400,0.15516
0.02400,0.15534
0.02400,0.15572
0.02400,0.15609
0.02400,0.15665
0.02400,0.15703
0.02400,0.15740
0.02400,0.15796
0.02400,0.15834
0.02405,0.15927
0.02405,0.15946
0.02405,0.15984
0.02405,0.16002
0.02405,0.16040
0.02405,0.16058
0.02405,0.16133
0.02405,0.16208
0.02410,0.16227
0.02410,0.16302
0.02410,0.16377
0.02410,0.16414
0.02410,0.16433
0.02410,0.16508
0.02410,0.16582
0.02410,0.16639
0.02410,0.16676
0.02410,0.16732
0.02410,0.16788
0.02410,0.16844
0.02410,0.16901
0.02410,0.17050
0.02410,0.17088
0.02410,0.17106
0.02410,0.17163
0.02410,0.17181
0.02410,0.17294
0.02410,0.17350
0.02410,0.17462
0.02410,0.17481
0.02410,0.17537
0.02410,0.17574
0.02410,0.17649
0.02410,0.17687
0.02410,0.17799
0.02410,0.17818
0.02410,0.17893
0.02410,0.17930
0.02410,0.17967
0.02410,0.18005
0.02410,0.18098
0.02410,0.18155
0.02410,0.18229
0.02410,0.18248
0.02410,0.18304
0.02410,0.18379
0.02410,0.18548
0.02410,0.18585
0.02410,0.18697
0.02410,0.18772
0.02410,0.18791
0.02410,0.18847
0.02410,0.18885
0.02410,0.18997
0.02410,0.19072
0.02410,0.19109
0.02410,0.19147
0.02410,0.19184
0.02410,0.19221
0.02410,0.19259
0.02410,0.19371
0.02410,0.19409
0.02414,0.19409
0.02414,0.19446
0.02414,0.19483
0.02414,0.19502
0.02414,0.19540
0.02414,0.19577
0.02414,0.19614
0.02419,0.19652
0.02419,0.19745
0.02419,0.19783
0.02419,0.19802
0.02419,0.19839
0.02419,0.19895
0.02419,0.19933
0.02424,0.19951
0.02424,0.19989
0.02424,0.20045
0.02424,0.20120
0.02424,0.20213
0.02424,0.20251
0.02424,0.20344
0.02424,0.20382
0.02424,0.20457
0.02424,0.20569
0.02424,0.20588
0.02424,0.20625
0.02424,0.20719
0.02424,0.20794
0.02424,0.20812
0.02424,0.20850
0.02424,0.20962
0.02424,0.21074
0.02424,0.21149
0.02424,0.21187
0.02424,0.21205
0.02424,0.21243
0.02424,0.21280
0.02424,0.21318
0.02424,0.21355
0.02424,0.21430
0.02424,0.21449
0.02424,0.21486
0.02424,0.21523
0.02424,0.21561
0.02428,0.21580
0.02428,0.21636
0.02433,0.21655
0.02433,0.21729
0.02438,0.21729
0.02438,0.21786
0.02442,0.21786
0.02442,0.21823
0.02442,0.21991
0.02442,0.22104
0.02442,0.22197
0.02442,0.22235
0.02442,0.22441
0.02442,0.22478
0.02442,0.22497
0.02442,0.22534
0.02442,0.22665
0.02442,0.22740
0.02442,0.22834
0.02442,0.22871
0.02442,0.22946
0.02442,0.22983
0.02442,0.23002
0.02442,0.23039
0.02442,0.23058
0.02442,0.23096
0.02442,0.23171
0.02442,0.23208
0.02442,0.23227
0.02442,0.23302
0.02447,0.23302
0.02447,0.23358
0.02447,0.23395
0.02447,0.23433
0.02447,0.23451
0.02447,0.23489
0.02447,0.23582
0.02447,0.23751
0.02447,0.23769
0.02447,0.23807
0.02447,0.23826
0.02447,0.23863
0.02447,0.23900
0.02447,0.23975
0.02447,0.24050
0.02447,0.24088
0.02447,0.24200
0.02447,0.24312
0.02452,0.24331
0.02452,0.24387
0.02452,0.24499
0.02452,0.24537
0.02452,0.24574
0.02452,0.24630
0.02452,0.24668
0.02452,0.24724
0.02452,0.24818
0.02452,0.24855
0.02452,0.24911
0.02452,0.24949
0.02452,0.24967
0.02456,0.24967
0.02456,0.24986
0.02456,0.25023
0.02456,0.25042
0.02461,0.25061
0.02461,0.25098
0.02461,0.25117
0.02461,0.25154
0.02461,0.25173
0.02461,0.25248
0.02461,0.25285
0.02461,0.25323
0.02461,0.25398
0.02461,0.25454
0.02461,0.25585
0.02461,0.25622
0.02461,0.25660
0.02461,0.25716
0.02461,0.25735
0.02461,0.25772
0.02461,0.25809
0.02461,0.25847
0.02461,0.25959
0.02466,0.25959
0.02466,0.26090
0.02471,0.26090
0.02471,0.26146
0.02471,0.26259
0.02471,0.26483
0.02471,0.26539
0.02471,0.26577
0.02471,0.26614
0.02471,0.26652
0.02471,0.26801
0.02471,0.26839
0.02471,0.26876
0.02471,0.26914
0.02471,0.26932
0.02471,0.26970
0.02471,0.26989
0.02471,0.27026
0.02471,0.27063
0.02471,0.27101
0.02471,0.27138
0.02475,0.27138
0.02475,0.27176
0.02475,0.27213
0.02475,0.27382
0.02480,0.27382
0.02480,0.27531
0.02480,0.27569
0.02480,0.27625
0.02480,0.27662
0.02480,0.27719
0.02480,0.27775
0.02480,0.27812
0.02480,0.27887
0.02480,0.27906
0.02480,0.27943
0.02480,0.27962
0.02480,0.28037
0.02480,0.28093
0.02480,0.28130
0.02480,0.28149
0.02480,0.28186
0.02485,0.28205
0.02485,0.28243
0.02485,0.28299
0.02485,0.28336
0.02485,0.28355
0.02485,0.28392
0.02485,0.28430
0.02485,0.28467
0.02485,0.28542
0.02485,0.28579
0.02485,0.28617
0.02489,0.28636
0.02489,0.28729
0.02489,0.28767
0.02494,0.28785
0.02494,0.28879
0.02494,0.28954
0.02494,0.29122
0.02494,0.29160
0.02494,0.29253
0.02494,0.29291
0.02494,0.29309
0.02494,0.29347
0.02494,0.29366
0.02494,0.29403
0.02494,0.29459
0.02494,0.29478
0.02494,0.29534
0.02494,0.29646
0.02494,0.29684
0.02494,0.29702
0.02494,0.29740
0.02494,0.29796
0.02494,0.29871
0.02494,0.29946
0.02499,0.29964
0.02499,0.30114
0.02499,0.30152
0.02499,0.30189
0.02503,0.30189
0.02503,0.30301
0.02503,0.30357
0.02503,0.30414
0.02508,0.30432
0.02508,0.30470
0.02508,0.30507
0.02508,0.30545
0.02508,0.30582
0.02508,0.30807
0.02513,0.30807
0.02513,0.30844
0.02513,0.30882
0.02513,0.30956
0.02513,0.31106
0.02513,0.31144
0.02513,0.31181
0.02513,0.31218
0.02517,0.31256
0.02517,0.31312
0.02517,0.31349
0.02517,0.31537
0.02517,0.31574
0.02517,0.31611
0.02517,0.31649
0.02517,0.31668
0.02517,0.31705
0.02517,0.31836
0.02517,0.31892
0.02522,0.31892
0.02522,0.31930
0.02522,0.32023
0.02527,0.32023
0.02527,0.32061
0.02527,0.32117
0.02527,0.32210
0.02527,0.32248
0.02531,0.32248
0.02531,0.32267
0.02531,0.32323
0.02531,0.32341
0.02536,0.32360
0.02536,0.32491
0.02536,0.32529
0.02536,0.32547
0.02541,0.32547
0.02541,0.32622
0.02545,0.32641
0.02545,0.32678
0.02545,0.32697
0.02550,0.32716
0.02550,0.32753
0.02550,0.32791
0.02550,0.32828
0.02555,0.32828
0.02555,0.32884
0.02555,0.32978
0.02559,0.32996
0.02559,0.33202
0.02559,0.33240
0.02559,0.33277
0.02559,0.33315
0.02559,0.33539
0.02564,0.33539
0.02564,0.33577
0.02569,0.33595
0.02569,0.33614
0.02569,0.33652
0.02569,0.33726
0.02569,0.33764
0.02569,0.33801
0.02569,0.33839
0.02569,0.33970
0.02569,0.34007
0.02569,0.34157
0.02573,0.34157
0.02573,0.34325
0.02573,0.34363
0.02573,0.34569
0.02573,0.34606
0.02573,0.34625
0.02573,0.34662
0.02573,0.34812
0.02573,0.34849
0.02573,0.35093
0.02573,0.35130
0.02573,0.35186
0.02573,0.35242
0.02573,0.35317
0.02578,0.35317
0.02578,0.35373
0.02583,0.35373
0.02583,0.35504
0.02583,0.35542
0.02583,0.35579
0.02587,0.35579
0.02587,0.35729
0.02587,0.35785
0.02587,0.35841
0.02587,0.35879
0.02587,0.36103
0.02592,0.36103
0.02592,0.36141
0.02592,0.36178
0.02592,0.36571
0.02592,0.36609
0.02592,0.36646
0.02592,0.36684
0.02592,0.36758
0.02597,0.36777
0.02597,0.36889
0.02597,0.36927
0.02597,0.37114
0.02597,0.37151
0.02597,0.37208
0.02597,0.37245
0.02597,0.37264
0.02602,0.37264
0.02602,0.37675
0.02606,0.37675
0.02606,0.37750
0.02611,0.37750
0.02611,0.37994
0.02611,0.38031
0.02611,0.38200
0.02616,0.38200
0.02616,0.38237
0.02620,0.38237
0.02620,0.38387
0.02625,0.38387
0.02625,0.38667
0.02630,0.38667
0.02630,0.38705
0.02639,0.38705
0.02639,0.38911
0.02639,0.38948
0.02639,0.39004
0.02639,0.39042
0.02639,0.39173
0.02644,0.39173
0.02644,0.39322
0.02644,0.39360
0.02644,0.39379
0.02648,0.39379
0.02648,0.39472
0.02653,0.39472
0.02653,0.39622
0.02658,0.39641
0.02658,0.39716
0.02662,0.39716
0.02662,0.39903
0.02667,0.39903
0.02667,0.39940
0.02667,0.39978
0.02672,0.39978
0.02672,0.40034
0.02686,0.40034
0.02686,0.40127
0.02686,0.40165
0.02686,0.40183
0.02686,0.40221
0.02686,0.40240
0.02686,0.40277
0.02686,0.40296
0.02686,0.40333
0.02686,0.40520
0.02686,0.40558
0.02690,0.40558
0.02690,0.40595
0.02690,0.40651
0.02695,0.40651
0.02695,0.40820
0.02700,0.40820
0.02700,0.40951
0.02700,0.40988
0.02700,0.41101
0.02700,0.41138
0.02700,0.41437
0.02700,0.41475
0.02700,0.41494
0.02704,0.41494
0.02704,0.41531
0.02704,0.41587
0.02709,0.41587
0.02709,0.41849
0.02714,0.41849
0.02714,0.41868
0.02714,0.41905
0.02714,0.42130
0.02714,0.42167
0.02714,0.42317
0.02719,0.42317
0.02719,0.42411
0.02723,0.42411
0.02723,0.42523
0.02728,0.42523
0.02728,0.42748
0.02733,0.42748
0.02733,0.42822
0.02737,0.42822
0.02742,0.42841
0.02742,0.42916
0.02747,0.42916
0.02747,0.42972
0.02751,0.42972
0.02751,0.43028
0.02756,0.43066
0.02756,0.43103
0.02756,0.43141
0.02756,0.43272
0.02765,0.43272
0.02765,0.43309
0.02770,0.43309
0.02770,0.43328
0.02770,0.43365
0.02770,0.43384
0.02775,0.43384
0.02775,0.43496
0.02779,0.43496
0.02779,0.43721
0.02784,0.43721
0.02784,0.43870
0.02789,0.43870
0.02789,0.44189
0.02793,0.44189
0.02793,0.44245
0.02798,0.44245
0.02798,0.44582
0.02807,0.44582
0.02807,0.44713
0.02817,0.44713
0.02817,0.44731
0.02821,0.44731
0.02821,0.44919
0.02831,0.44919
0.02831,0.44937
0.02835,0.44937
0.02835,0.44975
0.02835,0.45106
0.02840,0.45106
0.02840,0.45162
0.02840,0.45199
0.02840,0.45312
0.02845,0.45312
0.02845,0.45461
0.02854,0.45461
0.02854,0.45536
0.02859,0.45536
0.02859,0.45592
0.02864,0.45592
0.02864,0.45705
0.02868,0.45705
0.02868,0.45854
0.02873,0.45854
0.02873,0.46060
0.02878,0.46060
0.02878,0.46285
0.02878,0.46322
0.02878,0.46622
0.02882,0.46622
0.02882,0.46753
0.02887,0.46753
0.02887,0.46884
0.02892,0.46884
0.02892,0.46902
0.02896,0.46902
0.02896,0.46940
0.02901,0.46959
0.02901,0.47127
0.02906,0.47127
0.02906,0.47183
0.02915,0.47183
0.02915,0.47258
0.02920,0.47258
0.02920,0.47352
0.02924,0.47352
0.02924,0.47370
0.02924,0.47408
0.02924,0.47464
0.02934,0.47464
0.02934,0.47483
0.02938,0.47483
0.02938,0.47501
0.02943,0.47501
0.02943,0.47614
0.02948,0.47614
0.02948,0.47670
0.02952,0.47670
0.02952,0.47932
0.02957,0.47932
0.02957,0.48007
0.02962,0.48007
0.02962,0.48025
0.02966,0.48025
0.02966,0.48044
0.02971,0.48044
0.02971,0.48100
0.02976,0.48100
0.02976,0.48119
0.02981,0.48119
0.02981,0.48156
0.02985,0.48156
0.02985,0.48213
0.02990,0.48231
0.02990,0.48287
0.02995,0.48287
0.02995,0.48456
0.03004,0.48456
0.03009,0.48493
0.03009,0.48512
0.03013,0.48512
0.03013,0.48643
0.03018,0.48643
0.03018,0.48718
0.03023,0.48718
0.03023,0.48737
0.03027,0.48737
0.03027,0.48755
0.03032,0.48755
0.03032,0.48812
0.03032,0.48849
0.03032,0.48905
0.03037,0.48905
0.03037,0.48961
0.03041,0.48961
0.03041,0.48980
0.03046,0.48980
0.03046,0.48999
0.03051,0.48999
0.03051,0.49074
0.03055,0.49074
0.03055,0.49092
0.03060,0.49092
0.03060,0.49336
0.03065,0.49336
0.03065,0.49429
0.03069,0.49429
0.03069,0.49448
0.03083,0.49448
0.03083,0.49467
0.03088,0.49467
0.03088,0.49504
0.03093,0.49504
0.03093,0.49523
0.03112,0.49523
0.03112,0.49579
0.03116,0.49579
0.03116,0.49616
0.03121,0.49616
0.03121,0.49635
0.03130,0.49635
0.03130,0.49710
0.03135,0.49710
0.03135,0.49729
0.03140,0.49729
0.03140,0.49822
0.03144,0.49822
0.03144,0.49897
0.03154,0.49897
0.03154,0.49916
0.03154,0.49953
0.03154,0.50028
0.03163,0.50028
0.03163,0.50271
0.03168,0.50271
0.03168,0.50290
0.03177,0.50290
0.03177,0.50309
0.03182,0.50309
0.03182,0.50552
0.03186,0.50552
0.03186,0.50590
0.03191,0.50590
0.03191,0.50646
0.03196,0.50646
0.03196,0.50758
0.03205,0.50758
0.03205,0.50983
0.03210,0.50983
0.03210,0.51057
0.03214,0.51057
0.03214,0.51114
0.03219,0.51114
0.03219,0.51357
0.03224,0.51357
0.03224,0.51413
0.03229,0.51413
0.03229,0.51563
0.03233,0.51563
0.03233,0.51582
0.03238,0.51582
0.03238,0.51769
0.03243,0.51769
0.03243,0.51787
0.03243,0.51825
0.03243,0.51844
0.03247,0.51844
0.03247,0.51918
0.03252,0.51918
0.03252,0.52068
0.03257,0.52068
0.03257,0.52143
0.03266,0.52143
0.03266,0.52162
0.03271,0.52162
0.03271,0.52180
0.03280,0.52180
0.03280,0.52349
0.03289,0.52349
0.03289,0.52386
0.03294,0.52386
0.03294,0.52405
0.03294,0.52442
0.03294,0.52461
0.03299,0.52461
0.03299,0.52480
0.03303,0.52480
0.03303,0.52499
0.03308,0.52499
0.03308,0.52536
0.03308,0.52573
0.03308,0.52630
0.03313,0.52630
0.03313,0.52648
0.03317,0.52648
0.03317,0.52667
0.03322,0.52667
0.03322,0.52742
0.03327,0.52742
0.03327,0.52835
0.03331,0.52835
0.03331,0.52929
0.03336,0.52929
0.03336,0.52985
0.03341,0.52985
0.03341,0.53023
0.03345,0.53023
0.03345,0.53041
0.03355,0.53041
0.03355,0.53172
0.03364,0.53172
0.03364,0.53210
0.03369,0.53210
0.03369,0.53247
0.03378,0.53247
0.03378,0.53416
0.03383,0.53416
0.03383,0.53491
0.03388,0.53491
0.03388,0.53509
0.03392,0.53509
0.03392,0.53603
0.03397,0.53603
0.03397,0.53696
0.03406,0.53696
0.03406,0.53753
0.03411,0.53753
0.03411,0.53809
0.03416,0.53809
0.03416,0.53827
0.03420,0.53827
0.03420,0.53902
0.03425,0.53902
0.03425,0.53996
0.03430,0.53996
0.03430,0.54015
0.03434,0.54015
0.03434,0.54127
0.03444,0.54127
0.03444,0.54164
0.03453,0.54164
0.03453,0.54220
0.03462,0.54220
0.03462,0.54277
0.03467,0.54277
0.03467,0.54314
0.03472,0.54314
0.03472,0.54408
0.03486,0.54408
0.03486,0.54501
0.03491,0.54501
0.03491,0.54539
0.03495,0.54539
0.03500,0.54557
0.03500,0.54595
0.03505,0.54595
0.03505,0.54614
0.03509,0.54614
0.03509,0.54632
0.03514,0.54632
0.03514,0.54651
0.03519,0.54651
0.03519,0.54707
0.03523,0.54707
0.03523,0.54763
0.03533,0.54763
0.03533,0.54819
0.03537,0.54819
0.03537,0.55025
0.03542,0.55025
0.03542,0.55044
0.03551,0.55044
0.03551,0.55138
0.03575,0.55138
0.03575,0.55156
0.03579,0.55156
0.03579,0.55175
0.03584,0.55175
0.03584,0.55231
0.03593,0.55231
0.03593,0.55250
0.03603,0.55250
0.03603,0.55287
0.03617,0.55287
0.03617,0.55437
0.03622,0.55437
0.03622,0.55456
0.03626,0.55456
0.03626,0.55493
0.03640,0.55493
0.03640,0.55549
0.03645,0.55549
0.03645,0.55568
0.03650,0.55568
0.03650,0.55736
0.03673,0.55736
0.03673,0.55774
0.03678,0.55774
0.03678,0.55811
0.03687,0.55811
0.03687,0.55849
0.03696,0.55849
0.03696,0.55867
0.03706,0.55867
0.03706,0.55886
0.03710,0.55886
0.03710,0.55924
0.03762,0.55924
0.03762,0.55999
0.03767,0.55999
0.03767,0.56073
0.03771,0.56073
0.03771,0.56092
0.03776,0.56092
0.03776,0.56167
0.03785,0.56167
0.03785,0.56204
0.03795,0.56204
0.03795,0.56279
0.03799,0.56279
0.03799,0.56354
0.03809,0.56354
0.03809,0.56392
0.03813,0.56392
0.03813,0.56466
0.03818,0.56466
0.03818,0.56485
0.03837,0.56485
0.03837,0.56504
0.03841,0.56504
0.03841,0.56541
0.03846,0.56541
0.03846,0.56560
0.03856,0.56560
0.03856,0.56579
0.03860,0.56579
0.03860,0.56616
0.03865,0.56616
0.03865,0.56672
0.03870,0.56672
0.03870,0.56728
0.03879,0.56728
0.03879,0.56785
0.03884,0.56785
0.03884,0.56803
0.03888,0.56803
0.03888,0.56822
0.03907,0.56822
0.03907,0.56841
0.03916,0.56841
0.03916,0.56859
0.03921,0.56859
0.03921,0.56878
0.03926,0.56878
0.03926,0.56897
0.03930,0.56897
0.03930,0.56916
0.03935,0.56916
0.03935,0.56953
0.03940,0.56953
0.03940,0.56972
0.03944,0.56972
0.03944,0.56990
0.03949,0.56990
0.03949,0.57009
0.03968,0.57009
0.03968,0.57028
0.03972,0.57028
0.03972,0.57065
0.03977,0.57065
0.03977,0.57140
0.03987,0.57140
0.03987,0.57159
0.03991,0.57159
0.03991,0.57215
0.03996,0.57215
0.03996,0.57252
0.04005,0.57252
0.04005,0.57271
0.04010,0.57271
0.04010,0.57290
0.04029,0.57290
0.04029,0.57309
0.04038,0.57309
0.04038,0.57327
0.04043,0.57327
0.04043,0.57365
0.04047,0.57365
0.04047,0.57383
0.04052,0.57383
0.04052,0.57402
0.04057,0.57402
0.04057,0.57458
0.04061,0.57458
0.04061,0.57496
0.04066,0.57496
0.04066,0.57515
0.04075,0.57515
0.04075,0.57533
0.04085,0.57533
0.04085,0.57627
0.04103,0.57627
0.04103,0.57646
0.04122,0.57646
0.04122,0.57664
0.04127,0.57664
0.04127,0.57683
0.04132,0.57683
0.04132,0.57702
0.04136,0.57702
0.04136,0.57720
0.04141,0.57720
0.04141,0.57795
0.04150,0.57795
0.04150,0.57870
0.04169,0.57870
0.04169,0.57964
0.04183,0.57964
0.04183,0.57982
0.04206,0.57982
0.04206,0.58020
0.04216,0.58020
0.04216,0.58057
0.04235,0.58057
0.04235,0.58076
0.04239,0.58076
0.04239,0.58095
0.04249,0.58095
0.04249,0.58113
0.04263,0.58113
0.04263,0.58207
0.04300,0.58207
0.04300,0.58226
0.04305,0.58226
0.04305,0.58263
0.04319,0.58263
0.04319,0.58301
0.04323,0.58301
0.04323,0.58319
0.04328,0.58319
0.04328,0.58357
0.04333,0.58357
0.04333,0.58600
0.04337,0.58600
0.04337,0.58619
0.04342,0.58619
0.04342,0.58637
0.04347,0.58637
0.04347,0.58656
0.04356,0.58656
0.04356,0.58675
0.04361,0.58675
0.04361,0.58787
0.04370,0.58787
0.04370,0.58825
0.04375,0.58825
0.04375,0.58843
0.04380,0.58843
0.04380,0.58862
0.04389,0.58862
0.04389,0.58881
0.04394,0.58881
0.04394,0.58899
0.04412,0.58899
0.04412,0.58956
0.04417,0.58956
0.04417,0.59012
0.04426,0.59012
0.04426,0.59031
0.04431,0.59031
0.04431,0.59068
0.04436,0.59068
0.04436,0.59124
0.04445,0.59124
0.04445,0.59143
0.04450,0.59143
0.04450,0.59199
0.04454,0.59199
0.04454,0.59218
0.04473,0.59218
0.04473,0.59255
0.04478,0.59255
0.04478,0.59311
0.04487,0.59311
0.04487,0.59330
0.04506,0.59330
0.04506,0.59349
0.04520,0.59349
0.04520,0.59424
0.04543,0.59424
0.04543,0.59498
0.04548,0.59498
0.04548,0.59517
0.04557,0.59517
0.04557,0.59536
0.04571,0.59536
0.04571,0.59555
0.04576,0.59555
0.04576,0.59592
0.04581,0.59592
0.04581,0.59667
0.04585,0.59667
0.04585,0.59686
0.04590,0.59686
0.04590,0.59704
0.04595,0.59704
0.04595,0.59798
0.04599,0.59798
0.04599,0.59854
0.04604,0.59854
0.04604,0.59910
0.04618,0.59910
0.04618,0.59966
0.04642,0.59966
0.04642,0.59985
0.04656,0.59985
0.04656,0.60041
0.04660,0.60041
0.04660,0.60191
0.04670,0.60191
0.04670,0.60210
0.04674,0.60210
0.04674,0.60228
0.04679,0.60228
0.04679,0.60341
0.04684,0.60341
0.04684,0.60397
0.04688,0.60397
0.04688,0.60415
0.04702,0.60415
0.04702,0.60434
0.04707,0.60434
0.04707,0.60453
0.04735,0.60453
0.04735,0.60472
0.04745,0.60472
0.04745,0.60584
0.04759,0.60584
0.04759,0.60603
0.04768,0.60603
0.04768,0.60621
0.04777,0.60621
0.04777,0.60678
0.04782,0.60678
0.04782,0.60696
0.04801,0.60696
0.04801,0.60734
0.04810,0.60734
0.04810,0.60790
0.04833,0.60790
0.04833,0.60809
0.04838,0.60809
0.04838,0.60883
0.04843,0.60883
0.04843,0.60921
0.04852,0.60921
0.04852,0.60958
0.04871,0.60958
0.04871,0.61052
0.04880,0.61052
0.04880,0.61108
0.04885,0.61108
0.04885,0.61127
0.04894,0.61127
0.04894,0.61164
0.04904,0.61164
0.04904,0.61202
0.04913,0.61202
0.04913,0.61220
0.04918,0.61220
0.04918,0.61239
0.04922,0.61239
0.04922,0.61276
0.04927,0.61276
0.04927,0.61314
0.04932,0.61314
0.04932,0.61351
0.04936,0.61351
0.04936,0.61370
0.04941,0.61370
0.04941,0.61407
0.04946,0.61407
0.04946,0.61426
0.04955,0.61426
0.04955,0.61501
0.04960,0.61501
0.04960,0.61557
0.04969,0.61557
0.04969,0.61688
0.04974,0.61688
0.04974,0.61800
0.04988,0.61800
0.04988,0.61819
0.04993,0.61819
0.04993,0.61838
0.04997,0.61838
0.04997,0.61857
0.05007,0.61857
0.05007,0.61913
0.05011,0.61913
0.05011,0.61969
0.05016,0.61969
0.05016,0.62044
0.05021,0.62044
0.05021,0.62063
0.05025,0.62063
0.05025,0.62100
0.05039,0.62100
0.05039,0.62119
0.05095,0.62119
0.05095,0.62175
0.05100,0.62175
0.05100,0.62231
0.05105,0.62231
0.05105,0.62250
0.05119,0.62250
0.05119,0.62343
0.05124,0.62343
0.05124,0.62399
0.05128,0.62399
0.05128,0.62493
0.05133,0.62493
0.05133,0.62568
0.05147,0.62568
0.05147,0.62587
0.05156,0.62587
0.05156,0.62661
0.05166,0.62661
0.05166,0.62680
0.05170,0.62680
0.05170,0.62699
0.05175,0.62699
0.05175,0.62718
0.05180,0.62718
0.05180,0.62755
0.05184,0.62755
0.05184,0.62942
0.05189,0.62942
0.05189,0.62961
0.05194,0.62961
0.05194,0.62998
0.05198,0.62998
0.05198,0.63036
0.05203,0.63036
0.05203,0.63054
0.05212,0.63054
0.05212,0.63111
0.05226,0.63111
0.05226,0.63148
0.05236,0.63148
0.05236,0.63279
0.05241,0.63279
0.05241,0.63298
0.05245,0.63298
0.05245,0.63354
0.05259,0.63354
0.05259,0.63373
0.05264,0.63373
0.05264,0.63466
0.05269,0.63466
0.05269,0.63597
0.05273,0.63597
0.05273,0.63635
0.05278,0.63635
0.05278,0.63672
0.05283,0.63672
0.05283,0.63691
0.05287,0.63691
0.05287,0.63728
0.05297,0.63728
0.05297,0.63784
0.05301,0.63784
0.05301,0.63803
0.05339,0.63803
0.05339,0.63859
0.05343,0.63859
0.05343,0.63897
0.05348,0.63897
0.05348,0.63915
0.05353,0.63915
0.05353,0.63934
0.05362,0.63934
0.05362,0.63990
0.05381,0.63990
0.05381,0.64009
0.05386,0.64009
0.05386,0.64065
0.05390,0.64065
0.05390,0.64084
0.05400,0.64084
0.05400,0.64121
0.05409,0.64121
0.05409,0.64159
0.05414,0.64159
0.05414,0.64196
0.05418,0.64196
0.05418,0.64215
0.05423,0.64215
0.05423,0.64252
0.05432,0.64252
0.05432,0.64383
0.05442,0.64383
0.05442,0.64421
0.05446,0.64421
0.05446,0.64458
0.05451,0.64458
0.05451,0.64477
0.05456,0.64477
0.05456,0.64533
0.05460,0.64533
0.05460,0.64645
0.05465,0.64645
0.05465,0.64683
0.05507,0.64683
0.05507,0.64720
0.05512,0.64720
0.05512,0.64758
0.05521,0.64758
0.05521,0.64776
0.05526,0.64776
0.05526,0.64814
0.05531,0.64814
0.05531,0.64832
0.05535,0.64832
0.05535,0.64851
0.05545,0.64851
0.05545,0.64889
0.05549,0.64889
0.05549,0.64907
0.05554,0.64907
0.05554,0.64945
0.05559,0.64945
0.05559,0.64964
0.05563,0.64964
0.05563,0.64982
0.05568,0.64982
0.05568,0.65001
0.05573,0.65001
0.05573,0.65020
0.05577,0.65020
0.05577,0.65038
0.05587,0.65038
0.05587,0.65076
0.05596,0.65076
0.05596,0.65095
0.05605,0.65095
0.05605,0.65282
0.05610,0.65282
0.05610,0.65338
0.05615,0.65338
0.05615,0.65394
0.05620,0.65394
0.05620,0.65450
0.05624,0.65450
0.05624,0.65600
0.05629,0.65600
0.05629,0.65637
0.05634,0.65637
0.05634,0.65693
0.05638,0.65693
0.05638,0.65712
0.05643,0.65712
0.05643,0.65731
0.05648,0.65731
0.05648,0.65750
0.05652,0.65750
0.05652,0.65843
0.05657,0.65843
0.05657,0.65862
0.05666,0.65862
0.05666,0.65918
0.05671,0.65918
0.05671,0.65937
0.05676,0.65937
0.05676,0.65955
0.05680,0.65955
0.05680,0.65974
0.05690,0.65974
0.05690,0.65993
0.05694,0.65993
0.05694,0.66012
0.05699,0.66012
0.05699,0.66049
0.05708,0.66049
0.05708,0.66105
0.05727,0.66105
0.05727,0.66143
0.05741,0.66143
0.05741,0.66180
0.05751,0.66180
0.05751,0.66217
0.05760,0.66217
0.05760,0.66236
0.05765,0.66236
0.05765,0.66274
0.05779,0.66274
0.05779,0.66292
0.05783,0.66292
0.05783,0.66367
0.05788,0.66367
0.05788,0.66405
0.05793,0.66405
0.05793,0.66423
0.05797,0.66423
0.05797,0.66442
0.05811,0.66442
0.05811,0.66480
0.05816,0.66480
0.05816,0.66498
0.05830,0.66498
0.05830,0.66517
0.05835,0.66517
0.05835,0.66536
0.05839,0.66536
0.05839,0.66573
0.05853,0.66573
0.05853,0.66592
0.05858,0.66592
0.05858,0.66611
0.05863,0.66611
0.05863,0.66723
0.05867,0.66723
0.05867,0.66742
0.05872,0.66742
0.05872,0.66779
0.05891,0.66779
0.05891,0.66835
0.05896,0.66835
0.05896,0.66854
0.05905,0.66854
0.05905,0.66873
0.05928,0.66873
0.05928,0.66891
0.05956,0.66891
0.05956,0.66910
0.05966,0.66910
0.05966,0.66966
0.05970,0.66966
0.05970,0.66985
0.05984,0.66985
0.05984,0.67004
0.05999,0.67004
0.05999,0.67022
0.06003,0.67022
0.06003,0.67041
0.06031,0.67041
0.06031,0.67060
0.06036,0.67060
0.06036,0.67078
0.06041,0.67078
0.06041,0.67097
0.06050,0.67097
0.06050,0.67116
0.06055,0.67116
0.06055,0.67191
0.06078,0.67191
0.06078,0.67209
0.06092,0.67209
0.06092,0.67228
0.06097,0.67228
0.06097,0.67266
0.06101,0.67266
0.06101,0.67284
0.06111,0.67284
0.06111,0.67303
0.06115,0.67303
0.06115,0.67322
0.06125,0.67322
0.06125,0.67359
0.06139,0.67359
0.06139,0.67397
0.06162,0.67397
0.06162,0.67453
0.06176,0.67453
0.06176,0.67471
0.06190,0.67471
0.06190,0.67509
0.06195,0.67509
0.06195,0.67565
0.06200,0.67565
0.06200,0.67584
0.06209,0.67584
0.06209,0.67602
0.06232,0.67602
0.06232,0.67621
0.06242,0.67621
0.06242,0.67677
0.06261,0.67677
0.06261,0.67696
0.06275,0.67696
0.06275,0.67733
0.06279,0.67733
0.06279,0.67752
0.06284,0.67752
0.06284,0.67771
0.06321,0.67771
0.06321,0.67790
0.06335,0.67790
0.06335,0.67846
0.06340,0.67846
0.06340,0.67864
0.06349,0.67864
0.06349,0.67902
0.06373,0.67902
0.06373,0.67921
0.06387,0.67921
0.06387,0.67939
0.06392,0.67939
0.06392,0.67958
0.06410,0.67958
0.06410,0.67977
0.06420,0.67977
0.06420,0.68014
0.06429,0.68014
0.06429,0.68052
0.06434,0.68052
0.06434,0.68070
0.06438,0.68070
0.06438,0.68089
0.06471,0.68089
0.06471,0.68145
0.06490,0.68145
0.06490,0.68164
0.06509,0.68164
0.06509,0.68183
0.06523,0.68183
0.06523,0.68239
0.06527,0.68239
0.06527,0.68258
0.06532,0.68258
0.06532,0.68295
0.06537,0.68295
0.06537,0.68314
0.06551,0.68314
0.06551,0.68332
0.06560,0.68332
0.06560,0.68389
0.06569,0.68389
0.06569,0.68407
0.06583,0.68407
0.06583,0.68426
0.06588,0.68426
0.06588,0.68463
0.06593,0.68463
0.06593,0.68501
0.06597,0.68501
0.06597,0.68557
0.06602,0.68557
0.06602,0.68613
0.06607,0.68613
0.06607,0.68651
0.06616,0.68651
0.06616,0.68744
0.06621,0.68744
0.06621,0.68763
0.06630,0.68763
0.06630,0.68838
0.06649,0.68838
0.06649,0.68856
0.06691,0.68856
0.06691,0.68875
0.06696,0.68875
0.06696,0.68913
0.06700,0.68913
0.06700,0.68950
0.06733,0.68950
0.06733,0.68969
0.06738,0.68969
0.06738,0.69006
0.06766,0.69006
0.06766,0.69025
0.06771,0.69025
0.06771,0.69062
0.06780,0.69062
0.06780,0.69081
0.06794,0.69081
0.06794,0.69118
0.06808,0.69118
0.06808,0.69137
0.06822,0.69137
0.06822,0.69156
0.06827,0.69156
0.06827,0.69193
0.06831,0.69193
0.06831,0.69249
0.06841,0.69249
0.06841,0.69268
0.06845,0.69268
0.06845,0.69324
0.06850,0.69324
0.06850,0.69362
0.06859,0.69362
0.06859,0.69380
0.06864,0.69380
0.06864,0.69399
0.06878,0.69399
0.06878,0.69418
0.06883,0.69418
0.06883,0.69437
0.06888,0.69437
0.06888,0.69493
0.06902,0.69493
0.06902,0.69512
0.06944,0.69512
0.06944,0.69549
0.06967,0.69549
0.06967,0.69568
0.06981,0.69568
0.06981,0.69605
0.07009,0.69605
0.07009,0.69624
0.07014,0.69624
0.07014,0.69717
0.07037,0.69717
0.07037,0.69736
0.07051,0.69736
0.07051,0.69755
0.07061,0.69755
0.07061,0.69774
0.07070,0.69774
0.07070,0.69811
0.07075,0.69811
0.07075,0.69830
0.07093,0.69830
0.07103,0.69830
0.07112,0.69830
0.07112,0.69848
0.07117,0.69848
0.07117,0.69905
0.07131,0.69905
0.07131,0.69942
0.07140,0.69942
0.07140,0.69961
0.07150,0.69961
0.07150,0.69979
0.07182,0.69979
0.07182,0.69998
0.07192,0.69998
0.07192,0.70036
0.07196,0.70036
0.07196,0.70073
0.07201,0.70073
0.07201,0.70110
0.07210,0.70110
0.07210,0.70129
0.07224,0.70129
0.07224,0.70148
0.07248,0.70148
0.07248,0.70167
0.07252,0.70167
0.07252,0.70185
0.07267,0.70185
0.07267,0.70204
0.07276,0.70204
0.07276,0.70279
0.07281,0.70279
0.07281,0.70316
0.07285,0.70316
0.07285,0.70335
0.07290,0.70335
0.07290,0.70354
0.07309,0.70354
0.07309,0.70410
0.07327,0.70410
0.07327,0.70429
0.07341,0.70429
0.07341,0.70447
0.07346,0.70447
0.07346,0.70485
0.07355,0.70485
0.07355,0.70503
0.07374,0.70503
0.07374,0.70522
0.07379,0.70522
0.07379,0.70541
0.07383,0.70541
0.07383,0.70578
0.07402,0.70578
0.07402,0.70616
0.07407,0.70616
0.07407,0.70653
0.07421,0.70653
0.07421,0.70672
0.07435,0.70672
0.07435,0.70691
0.07440,0.70691
0.07440,0.70709
0.07449,0.70709
0.07449,0.70728
0.07454,0.70728
0.07454,0.70765
0.07468,0.70765
0.07468,0.70784
0.07472,0.70784
0.07472,0.70803
0.07482,0.70803
0.07482,0.70840
0.07491,0.70840
0.07491,0.70878
0.07496,0.70878
0.07496,0.70897
0.07500,0.70897
0.07500,0.70915
0.07510,0.70915
0.07510,0.70934
0.07524,0.70934
0.07524,0.71046
0.07529,0.71046
0.07529,0.71084
0.07533,0.71084
0.07533,0.71102
0.07543,0.71102
0.07543,0.71121
0.07561,0.71121
0.07561,0.71177
0.07566,0.71177
0.07566,0.71196
0.07589,0.71196
0.07589,0.71215
0.07594,0.71215
0.07594,0.71252
0.07603,0.71252
0.07603,0.71327
0.07613,0.71327
0.07613,0.71364
0.07631,0.71364
0.07631,0.71421
0.07636,0.71421
0.07646,0.71421
0.07683,0.71421
0.07683,0.71477
0.07688,0.71477
0.07688,0.71514
0.07692,0.71514
0.07692,0.71533
0.07702,0.71533
0.07702,0.71570
0.07711,0.71570
0.07711,0.71589
0.07720,0.71589
0.07720,0.71645
0.07730,0.71645
0.07730,0.71720
0.07734,0.71720
0.07734,0.71739
0.07739,0.71739
0.07739,0.71776
0.07744,0.71776
0.07744,0.71795
0.07753,0.71795
0.07753,0.71832
0.07772,0.71832
0.07772,0.71851
0.07781,0.71851
0.07781,0.71870
0.07814,0.71870
0.07814,0.71888
0.07861,0.71888
0.07861,0.71907
0.07870,0.71907
0.07870,0.71945
0.07879,0.71945
0.07879,0.71963
0.07884,0.71963
0.07884,0.72001
0.07894,0.72001
0.07894,0.72019
0.07908,0.72019
0.07908,0.72057
0.07912,0.72057
0.07912,0.72076
0.07945,0.72076
0.07945,0.72094
0.07950,0.72094
0.07950,0.72150
0.07964,0.72150
0.07964,0.72169
0.07982,0.72169
0.07982,0.72188
0.07987,0.72188
0.07987,0.72207
0.07992,0.72207
0.07992,0.72225
0.08001,0.72225
0.08001,0.72244
0.08006,0.72244
0.08006,0.72263
0.08039,0.72263
0.08039,0.72319
0.08071,0.72319
0.08071,0.72356
0.08076,0.72356
0.08076,0.72375
0.08104,0.72375
0.08104,0.72413
0.08127,0.72413
0.08127,0.72431
0.08165,0.72431
0.08165,0.72450
0.08170,0.72450
0.08170,0.72469
0.08174,0.72469
0.08174,0.72487
0.08179,0.72487
0.08179,0.72506
0.08188,0.72506
0.08188,0.72525
0.08207,0.72525
0.08207,0.72544
0.08216,0.72544
0.08216,0.72562
0.08221,0.72562
0.08221,0.72581
0.08230,0.72581
0.08230,0.72618
0.08244,0.72618
0.08244,0.72637
0.08254,0.72637
0.08254,0.72656
0.08263,0.72656
0.08263,0.72675
0.08268,0.72675
0.08268,0.72693
0.08273,0.72693
0.08273,0.72731
0.08277,0.72731
0.08277,0.72768
0.08282,0.72768
0.08282,0.72787
0.08296,0.72787
0.08296,0.72806
0.08301,0.72806
0.08301,0.72824
0.08315,0.72824
0.08315,0.72843
0.08319,0.72843
0.08319,0.72862
0.08343,0.72862
0.08343,0.72899
0.08371,0.72899
0.08371,0.72937
0.08375,0.72937
0.08375,0.72955
0.08385,0.72955
0.08385,0.72993
0.08404,0.72993
0.08404,0.73030
0.08418,0.73030
0.08418,0.73049
0.08436,0.73049
0.08436,0.73068
0.08450,0.73068
0.08450,0.73086
0.08469,0.73086
0.08469,0.73124
0.08474,0.73124
0.08474,0.73161
0.08478,0.73161
0.08478,0.73199
0.08492,0.73199
0.08492,0.73217
0.08497,0.73217
0.08497,0.73236
0.08520,0.73236
0.08520,0.73273
0.08530,0.73273
0.08530,0.73292
0.08549,0.73292
0.08549,0.73330
0.08567,0.73330
0.08567,0.73348
0.08609,0.73348
0.08609,0.73386
0.08614,0.73386
0.08614,0.73404
0.08623,0.73404
0.08623,0.73442
0.08642,0.73442
0.08642,0.73498
0.08684,0.73498
0.08684,0.73535
0.08708,0.73535
0.08708,0.73554
0.08726,0.73554
0.08726,0.73573
0.08736,0.73573
0.08736,0.73592
0.08745,0.73592
0.08745,0.73610
0.08759,0.73610
0.08759,0.73629
0.08764,0.73629
0.08764,0.73648
0.08773,0.73648
0.08773,0.73666
0.08783,0.73666
0.08783,0.73685
0.08787,0.73685
0.08787,0.73723
0.08797,0.73723
0.08797,0.73741
0.08801,0.73741
0.08801,0.73779
0.08806,0.73779
0.08806,0.73797
0.08811,0.73797
0.08811,0.73835
0.08829,0.73835
0.08829,0.73872
0.08834,0.73872
0.08834,0.73891
0.08839,0.73891
0.08839,0.73910
0.08843,0.73910
0.08843,0.73929
0.08862,0.73929
0.08862,0.73985
0.08867,0.73985
0.08867,0.74003
0.08876,0.74003
0.08876,0.74041
0.08904,0.74041
0.08904,0.74060
0.08909,0.74060
0.08909,0.74097
0.08918,0.74097
0.08918,0.74134
0.08928,0.74134
0.08928,0.74153
0.08937,0.74153
0.08937,0.74172
0.08942,0.74172
0.08942,0.74191
0.08946,0.74191
0.08946,0.74209
0.08960,0.74209
0.08960,0.74228
0.08965,0.74228
0.08965,0.74265
0.08970,0.74265
0.08970,0.74284
0.08979,0.74284
0.08979,0.74303
0.08988,0.74303
0.08988,0.74322
0.09012,0.74322
0.09012,0.74359
0.09021,0.74359
0.09021,0.74396
0.09026,0.74396
0.09026,0.74434
0.09031,0.74434
0.09031,0.74471
0.09049,0.74471
0.09049,0.74490
0.09054,0.74490
0.09054,0.74509
0.09063,0.74509
0.09063,0.74527
0.09073,0.74527
0.09073,0.74565
0.09101,0.74565
0.09101,0.74584
0.09105,0.74584
0.09105,0.74602
0.09110,0.74602
0.09110,0.74621
0.09124,0.74621
0.09124,0.74640
0.09138,0.74640
0.09138,0.74677
0.09166,0.74677
0.09166,0.74696
0.09180,0.74696
0.09180,0.74715
0.09208,0.74715
0.09208,0.74771
0.09218,0.74771
0.09218,0.74789
0.09236,0.74789
0.09236,0.74808
0.09297,0.74808
0.09297,0.74827
0.09302,0.74827
0.09302,0.74846
0.09316,0.74846
0.09316,0.74902
0.09330,0.74902
0.09330,0.74920
0.09344,0.74920
0.09344,0.74939
0.09349,0.74939
0.09349,0.74958
0.09353,0.74958
0.09353,0.74995
0.09358,0.74995
0.09358,0.75014
0.09372,0.75014
0.09372,0.75033
0.09381,0.75033
0.09381,0.75051
0.09386,0.75051
0.09386,0.75070
0.09405,0.75070
0.09405,0.75089
0.09410,0.75089
0.09410,0.75126
0.09419,0.75126
0.09419,0.75201
0.09442,0.75201
0.09442,0.75220
0.09456,0.75220
0.09456,0.75239
0.09470,0.75239
0.09470,0.75257
0.09475,0.75257
0.09475,0.75295
0.09480,0.75295
0.09480,0.75313
0.09484,0.75313
0.09484,0.75351
0.09494,0.75351
0.09494,0.75388
0.09498,0.75388
0.09498,0.75407
0.09526,0.75407
0.09526,0.75426
0.09541,0.75426
0.09541,0.75445
0.09564,0.75445
0.09564,0.75463
0.09569,0.75463
0.09569,0.75482
0.09573,0.75482
0.09573,0.75519
0.09578,0.75519
0.09578,0.75557
0.09587,0.75557
0.09587,0.75576
0.09597,0.75576
0.09597,0.75594
0.09611,0.75594
0.09611,0.75613
0.09625,0.75613
0.09625,0.75632
0.09639,0.75632
0.09639,0.75650
0.09648,0.75650
0.09648,0.75669
0.09653,0.75669
0.09653,0.75688
0.09657,0.75688
0.09657,0.75707
0.09676,0.75707
0.09676,0.75725
0.09709,0.75725
0.09709,0.75744
0.09714,0.75744
0.09714,0.75763
0.09728,0.75763
0.09728,0.75781
0.09784,0.75781
0.09784,0.75800
0.09807,0.75800
0.09807,0.75819
0.09835,0.75819
0.09835,0.75856
0.09849,0.75856
0.09849,0.75894
0.09854,0.75894
0.09854,0.75912
0.09877,0.75912
0.09877,0.75931
0.09882,0.75931
0.09882,0.75950
0.09915,0.75950
0.09915,0.76025
0.09966,0.76025
0.09966,0.76043
0.09999,0.76043
0.09999,0.76081
0.10013,0.76081
0.10013,0.76118
0.10036,0.76118
0.10036,0.76137
0.10041,0.76137
0.10041,0.76174
0.10060,0.76174
0.10060,0.76193
0.10069,0.76193
0.10069,0.76212
0.10079,0.76212
0.10079,0.76231
0.10121,0.76231
0.10121,0.76249
0.10130,0.76249
0.10130,0.76268
0.10153,0.76268
0.10153,0.76287
0.10163,0.76287
0.10163,0.76305
0.10172,0.76305
0.10172,0.76324
0.10186,0.76324
0.10186,0.76343
0.10210,0.76343
0.10210,0.76362
0.10214,0.76362
0.10214,0.76380
0.10219,0.76380
0.10219,0.76399
0.10228,0.76399
0.10228,0.76418
0.10252,0.76418
0.10252,0.76436
0.10261,0.76436
0.10261,0.76455
0.10275,0.76455
0.10275,0.76474
0.10284,0.76474
0.10284,0.76511
0.10327,0.76511
0.10327,0.76530
0.10355,0.76530
0.10355,0.76567
0.10378,0.76567
0.10378,0.76586
0.10387,0.76586
0.10387,0.76605
0.10401,0.76605
0.10401,0.76642
0.10411,0.76642
0.10411,0.76680
0.10439,0.76680
0.10439,0.76698
0.10453,0.76698
0.10453,0.76736
0.10462,0.76736
0.10462,0.76773
0.10476,0.76773
0.10476,0.76792
0.10481,0.76792
0.10481,0.76811
0.10500,0.76811
0.10500,0.76829
0.10504,0.76829
0.10504,0.76848
0.10514,0.76848
0.10514,0.76867
0.10518,0.76867
0.10518,0.76886
0.10528,0.76886
0.10528,0.76904
0.10532,0.76904
0.10532,0.76961
0.10537,0.76961
0.10537,0.76979
0.10547,0.76979
0.10547,0.76998
0.10561,0.76998
0.10561,0.77035
0.10579,0.77035
0.10579,0.77073
0.10603,0.77073
0.10603,0.77092
0.10607,0.77092
0.10607,0.77110
0.10635,0.77110
0.10635,0.77129
0.10649,0.77129
0.10649,0.77148
0.10682,0.77148
0.10682,0.77166
0.10701,0.77166
0.10701,0.77185
0.10743,0.77185
0.10743,0.77204
0.10794,0.77204
0.10794,0.77241
0.10799,0.77241
0.10799,0.77260
0.10823,0.77260
0.10823,0.77279
0.10954,0.77279
0.10954,0.77297
0.10963,0.77297
0.10963,0.77316
0.10986,0.77316
0.10986,0.77335
0.10991,0.77335
0.10991,0.77354
0.11028,0.77354
0.11028,0.77372
0.11075,0.77372
0.11075,0.77391
0.11103,0.77391
0.11103,0.77410
0.11122,0.77410
0.11122,0.77428
0.11169,0.77428
0.11169,0.77466
0.11173,0.77466
0.11173,0.77485
0.11188,0.77485
0.11188,0.77503
0.11211,0.77503
0.11211,0.77522
0.11216,0.77522
0.11216,0.77541
0.11220,0.77541
0.11220,0.77559
0.11239,0.77559
0.11239,0.77578
0.11262,0.77578
0.11262,0.77597
0.11281,0.77597
0.11281,0.77616
0.11290,0.77616
0.11290,0.77634
0.11309,0.77634
0.11309,0.77653
0.11314,0.77653
0.11314,0.77672
0.11333,0.77672
0.11333,0.77690
0.11379,0.77690
0.11379,0.77709
0.11417,0.77709
0.11417,0.77728
0.11436,0.77728
0.11436,0.77747
0.11496,0.77747
0.11496,0.77765
0.11501,0.77765
0.11501,0.77784
0.11571,0.77784
0.11571,0.77803
0.11581,0.77803
0.11581,0.77840
0.11595,0.77840
0.11595,0.77859
0.11613,0.77859
0.11613,0.77878
0.11623,0.77878
0.11623,0.77896
0.11637,0.77896
0.11637,0.77915
0.11641,0.77915
0.11641,0.77934
0.11660,0.77934
0.11660,0.77971
0.11674,0.77971
0.11674,0.77990
0.11698,0.77990
0.11698,0.78009
0.11721,0.78009
0.11721,0.78027
0.11740,0.78027
0.11740,0.78046
0.11758,0.78046
0.11758,0.78065
0.11782,0.78065
0.11782,0.78102
0.11800,0.78102
0.11800,0.78121
0.11871,0.78121
0.11871,0.78140
0.11885,0.78140
0.11885,0.78158
0.11889,0.78158
0.11889,0.78177
0.11927,0.78177
0.11927,0.78196
0.11946,0.78196
0.11946,0.78214
0.11978,0.78214
0.11978,0.78233
0.11983,0.78233
0.11983,0.78252
0.11992,0.78252
0.11992,0.78271
0.12025,0.78271
0.12025,0.78289
0.12030,0.78289
0.12030,0.78308
0.12077,0.78308
0.12077,0.78327
0.12161,0.78327
0.12161,0.78345
0.12203,0.78345
0.12203,0.78383
0.12278,0.78383
0.12278,0.78402
0.12432,0.78402
0.12432,0.78420
0.12498,0.78420
0.12498,0.78439
0.12507,0.78439
0.12507,0.78458
0.12549,0.78458
0.12549,0.78477
0.12577,0.78477
0.12577,0.78495
0.12587,0.78495
0.12587,0.78514
0.12643,0.78514
0.12643,0.78551
0.12652,0.78551
0.12652,0.78570
0.12694,0.78570
0.12694,0.78589
0.12727,0.78589
0.12727,0.78608
0.12732,0.78608
0.12732,0.78626
0.12764,0.78626
0.12764,0.78645
0.12792,0.78645
0.12792,0.78664
0.12802,0.78664
0.12802,0.78701
0.12825,0.78701
0.12825,0.78720
0.12858,0.78720
0.12858,0.78757
0.12867,0.78757
0.12867,0.78776
0.12891,0.78776
0.12891,0.78795
0.12923,0.78795
0.12923,0.78813
0.12952,0.78813
0.12952,0.78832
0.13012,0.78832
0.13012,0.78851
0.13045,0.78851
0.13045,0.78870
0.13073,0.78870
0.13073,0.78888
0.13078,0.78888
0.13078,0.78907
0.13083,0.78907
0.13083,0.78926
0.13101,0.78926
0.13101,0.78944
0.13106,0.78944
0.13106,0.78963
0.13129,0.78963
0.13129,0.78982
0.13143,0.78982
0.13143,0.79001
0.13157,0.79001
0.13157,0.79019
0.13162,0.79019
0.13162,0.79038
0.13214,0.79038
0.13214,0.79057
0.13218,0.79057
0.13218,0.79075
0.13228,0.79075
0.13228,0.79113
0.13237,0.79113
0.13242,0.79113
0.13242,0.79132
0.13335,0.79132
0.13335,0.79150
0.13354,0.79150
0.13354,0.79169
0.13363,0.79169
0.13363,0.79188
0.13373,0.79188
0.13373,0.79206
0.13377,0.79206
0.13377,0.79225
0.13382,0.79225
0.13382,0.79244
0.13401,0.79244
0.13401,0.79300
0.13410,0.79300
0.13410,0.79337
0.13419,0.79337
0.13419,0.79356
0.13448,0.79356
0.13448,0.79375
0.13471,0.79375
0.13471,0.79394
0.13485,0.79394
0.13485,0.79412
0.13499,0.79412
0.13499,0.79431
0.13504,0.79431
0.13504,0.79506
0.13518,0.79506
0.13518,0.79525
0.13527,0.79525
0.13527,0.79543
0.13541,0.79543
0.13541,0.79562
0.13564,0.79562
0.13564,0.79599
0.13593,0.79599
0.13593,0.79637
0.13625,0.79637
0.13625,0.79674
0.13644,0.79674
0.13644,0.79693
0.13658,0.79693
0.13658,0.79712
0.13667,0.79712
0.13667,0.79730
0.13672,0.79730
0.13672,0.79749
0.13681,0.79749
0.13681,0.79768
0.13705,0.79768
0.13705,0.79787
0.13714,0.79787
0.13714,0.79824
0.13742,0.79824
0.13742,0.79843
0.13752,0.79843
0.13752,0.79936
0.13780,0.79936
0.13780,0.79974
0.13803,0.79974
0.13803,0.80030
0.13812,0.80030
0.13812,0.80049
0.13822,0.80049
0.13822,0.80086
0.13827,0.80086
0.13827,0.80105
0.13845,0.80105
0.13845,0.80142
0.13850,0.80142
0.13850,0.80161
0.13873,0.80161
0.13873,0.80180
0.13878,0.80180
0.13878,0.80198
0.13901,0.80198
0.13901,0.80236
0.13929,0.80236
0.13929,0.80255
0.13939,0.80255
0.13939,0.80292
0.13967,0.80292
0.13967,0.80348
0.14004,0.80348
0.14004,0.80367
0.14009,0.80367
0.14009,0.80386
0.14014,0.80386
0.14014,0.80423
0.14018,0.80423
0.14018,0.80442
0.14023,0.80442
0.14023,0.80517
0.14046,0.80517
0.14046,0.80573
0.14065,0.80573
0.14065,0.80591
0.14191,0.80591
0.14191,0.80610
0.14196,0.80610
0.14196,0.80629
0.14206,0.80629
0.14206,0.80648
0.14234,0.80648
0.14234,0.80666
0.14248,0.80666
0.14248,0.80685
0.14252,0.80685
0.14252,0.80704
0.14266,0.80704
0.14266,0.80722
0.14290,0.80722
0.14290,0.80741
0.14318,0.80741
0.14318,0.80760
0.14332,0.80760
0.14332,0.80779
0.14341,0.80779
0.14341,0.80797
0.14346,0.80797
0.14346,0.80816
0.14411,0.80816
0.14411,0.80853
0.14421,0.80853
0.14421,0.80872
0.14430,0.80872
0.14430,0.80891
0.14439,0.80891
0.14439,0.80928
0.14486,0.80928
0.14486,0.80947
0.14500,0.80947
0.14500,0.80966
0.14510,0.80966
0.14510,0.80984
0.14514,0.80984
0.14514,0.81003
0.14519,0.81003
0.14519,0.81022
0.14561,0.81022
0.14561,0.81041
0.14589,0.81041
0.14589,0.81059
0.14603,0.81059
0.14603,0.81115
0.14613,0.81115
0.14613,0.81134
0.14641,0.81134
0.14641,0.81153
0.14655,0.81153
0.14655,0.81172
0.14683,0.81172
0.14683,0.81190
0.14692,0.81190
0.14692,0.81209
0.14790,0.81209
0.14790,0.81228
0.14893,0.81228
0.14893,0.81246
0.14903,0.81246
0.14903,0.81265
0.14926,0.81265
0.14926,0.81284
0.14940,0.81284
0.14940,0.81303
0.14949,0.81303
0.14949,0.81321
0.14964,0.81321
0.14964,0.81340
0.14987,0.81340
0.14987,0.81378
0.15001,0.81378
0.15001,0.81396
0.15057,0.81396
0.15057,0.81415
0.15062,0.81415
0.15062,0.81452
0.15071,0.81452
0.15071,0.81490
0.15109,0.81490
0.15109,0.81509
0.15127,0.81509
0.15127,0.81527
0.15132,0.81527
0.15132,0.81546
0.15137,0.81546
0.15137,0.81565
0.15141,0.81565
0.15141,0.81583
0.15155,0.81583
0.15155,0.81621
0.15216,0.81621
0.15216,0.81640
0.15230,0.81640
0.15230,0.81658
0.15235,0.81658
0.15235,0.81677
0.15249,0.81677
0.15249,0.81696
0.15263,0.81696
0.15263,0.81714
0.15286,0.81714
0.15286,0.81733
0.15291,0.81733
0.15291,0.81752
0.15310,0.81752
0.15310,0.81771
0.15371,0.81771
0.15371,0.81789
0.15375,0.81789
0.15375,0.81808
0.15380,0.81808
0.15380,0.81827
0.15385,0.81827
0.15385,0.81864
0.15394,0.81864
0.15394,0.81902
0.15408,0.81902
0.15408,0.81920
0.15450,0.81920
0.15450,0.81939
0.15464,0.81939
0.15464,0.81958
0.15539,0.81958
0.15539,0.81976
0.15590,0.81976
0.15590,0.82014
0.15600,0.82014
0.15600,0.82033
0.15623,0.82033
0.15623,0.82051
0.15754,0.82051
0.15754,0.82070
0.15768,0.82070
0.15768,0.82089
0.15796,0.82089
0.15796,0.82107
0.15810,0.82107
0.15810,0.82126
0.15824,0.82126
0.15824,0.82164
0.15853,0.82164
0.15853,0.82182
0.15881,0.82182
0.15881,0.82201
0.15955,0.82201
0.15955,0.82220
0.16030,0.82220
0.16040,0.82220
0.16040,0.82238
0.16049,0.82238
0.16049,0.82257
0.16054,0.82257
0.16054,0.82276
0.16161,0.82276
0.16161,0.82295
0.16189,0.82295
0.16189,0.82313
0.16241,0.82313
0.16241,0.82332
0.16283,0.82332
0.16283,0.82351
0.16330,0.82351
0.16330,0.82369
0.16334,0.82369
0.16334,0.82388
0.16433,0.82388
0.16433,0.82407
0.16470,0.82407
0.16470,0.82426
0.16508,0.82426
0.16508,0.82444
0.16536,0.82444
0.16536,0.82463
0.16540,0.82463
0.16540,0.82482
0.16545,0.82482
0.16545,0.82500
0.16657,0.82500
0.16657,0.82557
0.16662,0.82557
0.16662,0.82575
0.16667,0.82575
0.16667,0.82594
0.16695,0.82594
0.16695,0.82613
0.16699,0.82613
0.16699,0.82631
0.16713,0.82631
0.16713,0.82669
0.16723,0.82669
0.16723,0.82688
0.16742,0.82688
0.16742,0.82706
0.16746,0.82706
0.16746,0.82725
0.16802,0.82725
0.16802,0.82744
0.16821,0.82744
0.16821,0.82762
0.16830,0.82762
0.16830,0.82781
0.16854,0.82781
0.16854,0.82819
0.16905,0.82819
0.16905,0.82837
0.16966,0.82837
0.16966,0.82856
0.16999,0.82856
0.16999,0.82875
0.17060,0.82875
0.17060,0.82931
0.17116,0.82931
0.17116,0.82950
0.17121,0.82950
0.17121,0.82968
0.17149,0.82968
0.17149,0.83006
0.17158,0.83006
0.17158,0.83025
0.17167,0.83025
0.17167,0.83043
0.17270,0.83043
0.17270,0.83099
0.17284,0.83099
0.17284,0.83137
0.17294,0.83137
0.17294,0.83156
0.17303,0.83156
0.17303,0.83174
0.17308,0.83174
0.17308,0.83212
0.17317,0.83212
0.17317,0.83230
0.17326,0.83230
0.17326,0.83249
0.17359,0.83249
0.17359,0.83268
0.17415,0.83268
0.17415,0.83287
0.17429,0.83287
0.17429,0.83324
0.17457,0.83324
0.17457,0.83343
0.17481,0.83343
0.17481,0.83361
0.17518,0.83361
0.17518,0.83380
0.17532,0.83380
0.17532,0.83399
0.17570,0.83399
0.17570,0.83418
0.17588,0.83418
0.17588,0.83436
0.17640,0.83436
0.17640,0.83455
0.17682,0.83455
0.17682,0.83474
0.17715,0.83474
0.17715,0.83492
0.17733,0.83492
0.17733,0.83511
0.17762,0.83511
0.17762,0.83530
0.17766,0.83530
0.17766,0.83549
0.17776,0.83549
0.17776,0.83567
0.17813,0.83567
0.17813,0.83586
0.17818,0.83586
0.17818,0.83605
0.17827,0.83605
0.17827,0.83642
0.17864,0.83642
0.17864,0.83661
0.17879,0.83661
0.17879,0.83680
0.17888,0.83680
0.17888,0.83736
0.17893,0.83736
0.17893,0.83754
0.17991,0.83754
0.17991,0.83792
0.18005,0.83792
0.18005,0.83811
0.18038,0.83811
0.18038,0.83829
0.18112,0.83829
0.18112,0.83848
0.18141,0.83848
0.18141,0.83867
0.18173,0.83867
0.18173,0.83885
0.18178,0.83885
0.18178,0.83904
0.18220,0.83904
0.18220,0.83923
0.18234,0.83923
0.18234,0.83998
0.18304,0.83998
0.18304,0.84016
0.18323,0.84016
0.18323,0.84035
0.18346,0.84035
0.18346,0.84054
0.18351,0.84054
0.18351,0.84073
0.18356,0.84073
0.18356,0.84091
0.18398,0.84091
0.18398,0.84110
0.18407,0.84110
0.18407,0.84129
0.18435,0.84129
0.18435,0.84147
0.18468,0.84147
0.18468,0.84166
0.18496,0.84166
0.18496,0.84185
0.18538,0.84185
0.18538,0.84222
0.18548,0.84222
0.18548,0.84241
0.18608,0.84241
0.18608,0.84260
0.18627,0.84260
0.18627,0.84278
0.18683,0.84278
0.18683,0.84297
0.18791,0.84297
0.18791,0.84316
0.18847,0.84316
0.18847,0.84335
0.18866,0.84335
0.18866,0.84353
0.18870,0.84353
0.18870,0.84372
0.18959,0.84372
0.18959,0.84391
0.18983,0.84391
0.18983,0.84410
0.18987,0.84410
0.18987,0.84428
0.19025,0.84428
0.19025,0.84447
0.19039,0.84447
0.19039,0.84466
0.19156,0.84466
0.19156,0.84503
0.19179,0.84503
0.19179,0.84522
0.19221,0.84522
0.19221,0.84541
0.19240,0.84541
0.19240,0.84559
0.19273,0.84559
0.19273,0.84578
0.19502,0.84578
0.19502,0.84597
0.19521,0.84597
0.19521,0.84615
0.19577,0.84615
0.19577,0.84634
0.19586,0.84634
0.19586,0.84653
0.19624,0.84653
0.19624,0.84672
0.19633,0.84672
0.19633,0.84690
0.19652,0.84690
0.19652,0.84709
0.19671,0.84709
0.19671,0.84728
0.19680,0.84728
0.19680,0.84746
0.19685,0.84746
0.19685,0.84784
0.19689,0.84784
0.19689,0.84821
0.19694,0.84821
0.19694,0.84840
0.19848,0.84840
0.19848,0.84859
0.19853,0.84859
0.19853,0.84877
0.19886,0.84877
0.19886,0.84896
0.19891,0.84896
0.19891,0.84934
0.19979,0.84934
0.19979,0.84952
0.19989,0.84952
0.19989,0.84971
0.20026,0.84971
0.20026,0.84990
0.20040,0.84990
0.20040,0.85008
0.20068,0.85008
0.20068,0.85027
0.20073,0.85027
0.20073,0.85065
0.20115,0.85065
0.20115,0.85083
0.20171,0.85083
0.20171,0.85121
0.20293,0.85121
0.20293,0.85139
0.20298,0.85139
0.20298,0.85158
0.20307,0.85158
0.20307,0.85177
0.20312,0.85177
0.20312,0.85214
0.20354,0.85214
0.20354,0.85233
0.20401,0.85233
0.20401,0.85252
0.20424,0.85252
0.20424,0.85270
0.20443,0.85270
0.20443,0.85289
0.20461,0.85289
0.20461,0.85308
0.20494,0.85308
0.20494,0.85327
0.20503,0.85327
0.20503,0.85345
0.20522,0.85345
0.20522,0.85364
0.20555,0.85364
0.20555,0.85383
0.20564,0.85383
0.20564,0.85401
0.20588,0.85401
0.20588,0.85439
0.20606,0.85439
0.20606,0.85458
0.20634,0.85458
0.20634,0.85476
0.20639,0.85476
0.20639,0.85495
0.20681,0.85495
0.20681,0.85532
0.20695,0.85532
0.20695,0.85551
0.20705,0.85551
0.20705,0.85589
0.20728,0.85589
0.20737,0.85589
0.20808,0.85589
0.20808,0.85607
0.20850,0.85607
0.20850,0.85645
0.20868,0.85645
0.20868,0.85682
0.20873,0.85682
0.20873,0.85701
0.20901,0.85701
0.20901,0.85720
0.20920,0.85720
0.20920,0.85738
0.20925,0.85738
0.20925,0.85757
0.20934,0.85757
0.20934,0.85776
0.20976,0.85776
0.20976,0.85794
0.20981,0.85794
0.20981,0.85813
0.21070,0.85813
0.21070,0.85832
0.21074,0.85832
0.21074,0.85851
0.21107,0.85851
0.21107,0.85869
0.21135,0.85869
0.21135,0.85888
0.21159,0.85888
0.21159,0.85926
0.21210,0.85926
0.21210,0.85944
0.21219,0.85944
0.21219,0.85963
0.21229,0.85963
0.21229,0.85982
0.21233,0.85982
0.21233,0.86000
0.21261,0.86000
0.21261,0.86019
0.21266,0.86019
0.21266,0.86038
0.21304,0.86038
0.21304,0.86075
0.21313,0.86075
0.21313,0.86094
0.21318,0.86094
0.21318,0.86113
0.21336,0.86113
0.21336,0.86131
0.21341,0.86131
0.21341,0.86150
0.21364,0.86150
0.21364,0.86169
0.21430,0.86169
0.21430,0.86188
0.21519,0.86188
0.21519,0.86206
0.21561,0.86206
0.21561,0.86225
0.21575,0.86225
0.21575,0.86244
0.21589,0.86244
0.21589,0.86262
0.21664,0.86262
0.21664,0.86281
0.21725,0.86281
0.21725,0.86300
0.21743,0.86300
0.21743,0.86319
0.21762,0.86319
0.21762,0.86337
0.21776,0.86337
0.21776,0.86356
0.21832,0.86356
0.21832,0.86375
0.21935,0.86375
0.21935,0.86412
0.21963,0.86412
0.21963,0.86450
0.21968,0.86450
0.21968,0.86468
0.21977,0.86468
0.21977,0.86487
0.22062,0.86487
0.22062,0.86506
0.22066,0.86506
0.22066,0.86543
0.22071,0.86543
0.22071,0.86562
0.22090,0.86562
0.22090,0.86581
0.22113,0.86581
0.22113,0.86599
0.22127,0.86599
0.22127,0.86655
0.22136,0.86655
0.22136,0.86674
0.22225,0.86674
0.22225,0.86693
0.22249,0.86693
0.22249,0.86712
0.22296,0.86712
0.22296,0.86730
0.22356,0.86730
0.22356,0.86749
0.22408,0.86749
0.22408,0.86768
0.22413,0.86768
0.22413,0.86805
0.22515,0.86805
0.22515,0.86824
0.22562,0.86824
0.22562,0.86843
0.22581,0.86843
0.22581,0.86861
0.22590,0.86861
0.22590,0.86880
0.22632,0.86880
0.22632,0.86899
0.22665,0.86899
0.22665,0.86936
0.22679,0.86936
0.22679,0.86974
0.22684,0.86974
0.22684,0.86992
0.22707,0.86992
0.22707,0.87011
0.22829,0.87011
0.22829,0.87030
0.22951,0.87030
0.22951,0.87048
0.22955,0.87048
0.22955,0.87067
0.22969,0.87067
0.22969,0.87086
0.23021,0.87086
0.23021,0.87105
0.23025,0.87105
0.23025,0.87123
0.23250,0.87123
0.23250,0.87142
0.23297,0.87142
0.23297,0.87161
0.23442,0.87161
0.23442,0.87179
0.23451,0.87179
0.23451,0.87198
0.23582,0.87198
0.23582,0.87217
0.23620,0.87217
0.23620,0.87236
0.23652,0.87236
0.23652,0.87254
0.23666,0.87254
0.23666,0.87273
0.23685,0.87273
0.23685,0.87292
0.23779,0.87292
0.23779,0.87329
0.23905,0.87329
0.23905,0.87348
0.23929,0.87348
0.23929,0.87367
0.23938,0.87367
0.23938,0.87385
0.24003,0.87385
0.24003,0.87404
0.24125,0.87404
0.24125,0.87423
0.24284,0.87423
0.24284,0.87442
0.24336,0.87442
0.24336,0.87460
0.24424,0.87460
0.24424,0.87479
0.24485,0.87479
0.24485,0.87498
0.24588,0.87498
0.24588,0.87516
0.24598,0.87516
0.24598,0.87535
0.24630,0.87535
0.24630,0.87573
0.24635,0.87573
0.24635,0.87591
0.24729,0.87591
0.24729,0.87610
0.24752,0.87610
0.24752,0.87629
0.24803,0.87629
0.24803,0.87647
0.24874,0.87647
0.24874,0.87666
0.24930,0.87666
0.24930,0.87685
0.25047,0.87685
0.25047,0.87704
0.25295,0.87704
0.25295,0.87722
0.25342,0.87722
0.25342,0.87741
0.25402,0.87741
0.25402,0.87760
0.25416,0.87760
0.25416,0.87778
0.25454,0.87778
0.25454,0.87816
0.25463,0.87816
0.25463,0.87835
0.25473,0.87835
0.25473,0.87853
0.25580,0.87853
0.25580,0.87872
0.25590,0.87872
0.25590,0.87891
0.25636,0.87891
0.25636,0.87909
0.25655,0.87909
0.25655,0.87928
0.25702,0.87928
0.25702,0.87947
0.25716,0.87947
0.25716,0.87966
0.25884,0.87966
0.25884,0.87984
0.25955,0.87984
0.25955,0.88003
0.25987,0.88003
0.25987,0.88022
0.26114,0.88022
0.26114,0.88040
0.26128,0.88040
0.26128,0.88059
0.26203,0.88059
0.26203,0.88078
0.26352,0.88078
0.26352,0.88097
0.26366,0.88097
0.26366,0.88115
0.26474,0.88115
0.26474,0.88134
0.26483,0.88134
0.26483,0.88153
0.26525,0.88153
0.26525,0.88171
0.26553,0.88171
0.26553,0.88190
0.26577,0.88190
0.26577,0.88209
0.26708,0.88209
0.26708,0.88228
0.26769,0.88228
0.26769,0.88246
0.26778,0.88246
0.26778,0.88265
0.26867,0.88265
0.26867,0.88284
0.26895,0.88284
0.26895,0.88302
0.26937,0.88302
0.26937,0.88321
0.26975,0.88321
0.26975,0.88340
0.27194,0.88340
0.27194,0.88359
0.27307,0.88359
0.27307,0.88377
0.27325,0.88377
0.27325,0.88396
0.27377,0.88396
0.27377,0.88415
0.27559,0.88415
0.27559,0.88433
0.27662,0.88433
0.27662,0.88452
0.27667,0.88452
0.27667,0.88471
0.27793,0.88471
0.27803,0.88471
0.27887,0.88471
0.27887,0.88490
0.28004,0.88490
0.28004,0.88508
0.28083,0.88508
0.28083,0.88527
0.28191,0.88527
0.28191,0.88546
0.28200,0.88546
0.28200,0.88564
0.28308,0.88564
0.28308,0.88583
0.28322,0.88583
0.28322,0.88602
0.28327,0.88602
0.28327,0.88621
0.28331,0.88621
0.28331,0.88639
0.28795,0.88639
0.28795,0.88658
0.28860,0.88658
0.28860,0.88677
0.28940,0.88677
0.28940,0.88695
0.29043,0.88695
0.29043,0.88714
0.29052,0.88714
0.29052,0.88733
0.29202,0.88733
0.29202,0.88752
0.29235,0.88752
0.29235,0.88770
0.29249,0.88770
0.29249,0.88789
0.29272,0.88789
0.29272,0.88808
0.29375,0.88808
0.29375,0.88827
0.29585,0.88827
0.29585,0.88845
0.29885,0.88845
0.29885,0.88864
0.29960,0.88864
0.29960,0.88883
0.30147,0.88883
0.30147,0.88901
0.30203,0.88901
0.30203,0.88920
0.30217,0.88920
0.30217,0.88939
0.30287,0.88939
0.30287,0.88958
0.30297,0.88958
0.30297,0.88995
0.30423,0.88995
0.30423,0.89014
0.30460,0.89014
0.30460,0.89032
0.30512,0.89032
0.30512,0.89051
0.30517,0.89051
0.30517,0.89070
0.30624,0.89070
0.30624,0.89089
0.30643,0.89089
0.30643,0.89107
0.30914,0.89107
0.30914,0.89126
0.30942,0.89126
0.30942,0.89145
0.31073,0.89145
0.31073,0.89163
0.31190,0.89163
0.31190,0.89182
0.31588,0.89182
0.31588,0.89220
0.31654,0.89220
0.31654,0.89238
0.31672,0.89238
0.31672,0.89257
0.31845,0.89257
0.31845,0.89276
0.32131,0.89276
0.32131,0.89294
0.32299,0.89294
0.32299,0.89313
0.32580,0.89313
0.32580,0.89332
0.32851,0.89332
0.32851,0.89351
0.33020,0.89351
0.33020,0.89369
0.33198,0.89369
0.33198,0.89388
0.33202,0.89388
0.33202,0.89407
0.33666,0.89407
0.33666,0.89425
0.33806,0.89425
0.33806,0.89444
0.34096,0.89444
0.34105,0.89444
0.34133,0.89444
0.34133,0.89463
0.34293,0.89463
0.34293,0.89482
0.34377,0.89482
0.34377,0.89500
0.34657,0.89500
0.34657,0.89519
0.34924,0.89519
0.34924,0.89538
0.34952,0.89538
0.34952,0.89556
0.35018,0.89556
0.35018,0.89575
0.35168,0.89575
0.35168,0.89594
0.35523,0.89594
0.35532,0.89594
0.35706,0.89594
0.35706,0.89613
0.35738,0.89613
0.35738,0.89631
0.35851,0.89631
0.35860,0.89631
0.36754,0.89631
0.36754,0.89650
0.36997,0.89650
0.36997,0.89669
0.37109,0.89669
0.37109,0.89687
0.37451,0.89687
0.37451,0.89706
0.37727,0.89706
0.37736,0.89706
0.37755,0.89706
0.37755,0.89725
0.38658,0.89725
0.38658,0.89744
0.38925,0.89744
0.38925,0.89762
0.39046,0.89762
0.39046,0.89781
0.39870,0.89781
0.39879,0.89781
0.40029,0.89781
0.40029,0.89800
0.40085,0.89800
0.40085,0.89818
0.40090,0.89818
0.40090,0.89837
0.40132,0.89837
0.40132,0.89875
0.40141,0.89875
0.40141,0.89893
0.40249,0.89893
0.40249,0.89912
0.40633,0.89912
0.40633,0.89931
0.41269,0.89931
0.41269,0.89949
0.41386,0.89949
0.41386,0.89968
0.43412,0.89968
0.43412,0.89987
0.43669,0.89987
0.43669,0.90006
0.44016,0.90006
0.44025,0.90006
0.44296,0.90006
0.44306,0.90006
0.44788,0.90006
0.44788,0.90024
0.45195,0.90024
0.45195,0.90043
0.45574,0.90043
0.45574,0.90062
0.45878,0.90062
0.45882,0.90080
0.46060,0.90080
0.46060,0.90099
0.46837,0.90099
0.46837,0.90118
0.47108,0.90118
0.47118,0.90118
0.47618,0.90118
0.47618,0.90137
0.48938,0.90137
0.48938,0.90155
0.49546,0.90155
0.49555,0.90155
0.49677,0.90155
0.49677,0.90174
0.49691,0.90174
0.49691,0.90193
0.50182,0.90193
0.50192,0.90193
0.51043,0.90193
0.51053,0.90193
0.51081,0.90193
0.51090,0.90193
0.51886,0.90193
0.51895,0.90193
0.52620,0.90193
0.52620,0.90211
0.52686,0.90211
0.52686,0.90230
0.52840,0.90230
0.52850,0.90230
0.52943,0.90230
0.52952,0.90230
0.52957,0.90230
0.52966,0.90230
0.53116,0.90230
0.53116,0.90249
0.55297,0.90249
0.55306,0.90249
0.55545,0.90249
0.55545,0.90268
0.55563,0.90268
0.55573,0.90268
0.55638,0.90268
0.55648,0.90268
0.55966,0.90268
0.55975,0.90268
0.56275,0.90268
0.56284,0.90268
0.56373,0.90268
0.56382,0.90268
0.56504,0.90268
0.56523,0.90268
0.56565,0.90268
0.56574,0.90268
0.56640,0.90268
0.56649,0.90268
0.56686,0.90268
0.56696,0.90268
0.57136,0.90268
0.57145,0.90268
0.57865,0.90268
0.57865,0.90286
0.57926,0.90286
0.57926,0.90305
0.58137,0.90305
0.58146,0.90305
0.58207,0.90305
0.58216,0.90305
0.58230,0.90305
0.58240,0.90305
0.58567,0.90305
0.58567,0.90324
0.58656,0.90324
0.58666,0.90324
0.58773,0.90324
0.58783,0.90324
0.59419,0.90324
0.59428,0.90324
0.60350,0.90324
0.60359,0.90324
0.63022,0.90324
0.63031,0.90324
0.63836,0.90324
0.63845,0.90324
0.64369,0.90324
0.64379,0.90324
0.64879,0.90324
0.64889,0.90324
0.65020,0.90324
0.65020,0.90343
0.65095,0.90343
0.65104,0.90343
0.65768,0.90343
0.65787,0.90343
0.65820,0.90343
0.65829,0.90343
0.65843,0.90343
0.65853,0.90343
0.66217,0.90343
0.66227,0.90343
0.66470,0.90343
0.66480,0.90343
0.66648,0.90343
0.66657,0.90343
0.66943,0.90343
0.66952,0.90343
0.67060,0.90343
0.67069,0.90343
0.67214,0.90343
0.67223,0.90343
0.67453,0.90343
0.67462,0.90343
0.67958,0.90343
0.67967,0.90343
0.67986,0.90343
0.67996,0.90343
0.68131,0.90343
0.68141,0.90343
0.68417,0.90343
0.68426,0.90343
0.68571,0.90343
0.68580,0.90343
0.69030,0.90343
0.69039,0.90343
0.69090,0.90343
0.69090,0.90361
0.69259,0.90361
0.69259,0.90380
0.69296,0.90380
0.69296,0.90399
0.69825,0.90399
0.69834,0.90399
0.70677,0.90399
0.70686,0.90399
0.71173,0.90399
0.71173,0.90417
0.72562,0.90417
0.72572,0.90417
0.72618,0.90417
0.72628,0.90417
0.73868,0.90417
0.73868,0.90436
0.75229,0.90436
0.75239,0.90436
0.75875,0.90436
0.75875,0.90455
0.77166,0.90455
0.77166,0.90474
0.77400,0.90474
0.77400,0.90492
0.77723,0.90492
0.77733,0.90492
0.78331,0.90492
0.78331,0.90511
0.78397,0.90511
0.78406,0.90511
0.78495,0.90511
0.78495,0.90530
0.78785,0.90530
0.78785,0.90548
0.78898,0.90548
0.78898,0.90567
0.79202,0.90567
0.79211,0.90567
0.79347,0.90567
0.79361,0.90567
0.79501,0.90567
0.79501,0.90586
0.79585,0.90586
0.79585,0.90605
0.79599,0.90605
0.79599,0.90623
0.79876,0.90623
0.79876,0.90642
0.80142,0.90642
0.80152,0.90642
0.80353,0.90642
0.80353,0.90661
0.80751,0.90661
0.80760,0.90661
0.80914,0.90661
0.80924,0.90661
0.80942,0.90661
0.80942,0.90679
0.81378,0.90679
0.81378,0.90736
0.81401,0.90736
0.81401,0.90754
0.81579,0.90754
0.81579,0.90773
0.81742,0.90773
0.81742,0.90792
0.81906,0.90792
0.81916,0.90792
0.82215,0.90792
0.82215,0.90810
0.82566,0.90810
0.82566,0.90829
0.82603,0.90829
0.82613,0.90829
0.82791,0.90829
0.82791,0.90848
0.82898,0.90848
0.82898,0.90867
0.83273,0.90867
0.83273,0.90885
0.83591,0.90885
0.83591,0.90904
0.83708,0.90904
0.83708,0.90923
0.83834,0.90923
0.83843,0.90923
0.83923,0.90923
0.83923,0.90941
0.84082,0.90941
0.84082,0.90960
0.84213,0.90960
0.84222,0.90960
0.84484,0.90960
0.84484,0.90979
0.84489,0.90979
0.84498,0.90979
0.84700,0.90979
0.84709,0.90979
0.84868,0.90979
0.84868,0.90998
0.85013,0.90998
0.85013,0.91016
0.85397,0.91016
0.85406,0.91016
0.85434,0.91016
0.85444,0.91016
0.85743,0.91016
0.85752,0.91016
0.85804,0.91016
0.85813,0.91016
0.86061,0.91016
0.86071,0.91016
0.86220,0.91016
0.86220,0.91035
0.86440,0.91035
0.86440,0.91054
0.86772,0.91054
0.86772,0.91072
0.86829,0.91072
0.86838,0.91072
0.87006,0.91072
0.87006,0.91091
0.87348,0.91091
0.87357,0.91091
0.87432,0.91091
0.87442,0.91091
0.87699,0.91091
0.87708,0.91091
0.87895,0.91091
0.87895,0.91110
0.88134,0.91110
0.88143,0.91110
0.88316,0.91110
0.88316,0.91129
0.88326,0.91129
0.88663,0.91129
0.88672,0.91129
0.88677,0.91129
0.88686,0.91129
0.88766,0.91129
0.88775,0.91129
0.88789,0.91129
0.88798,0.91129
0.88812,0.91129
0.88822,0.91129
0.88850,0.91129
0.88859,0.91129
0.88986,0.91129
0.88986,0.91147
0.89159,0.91147
0.89168,0.91147
0.89248,0.91147
0.89257,0.91147
0.89444,0.91147
0.89453,0.91147
0.89505,0.91147
0.89505,0.91166
0.89716,0.91166
0.89716,0.91185
0.89856,0.91185
0.89865,0.91185
0.90459,0.91185
0.90459,0.91203
0.90534,0.91203
0.90544,0.91203
0.90661,0.91203
0.90661,0.91222
0.90731,0.91222
0.90731,0.91241
0.90787,0.91241
0.90796,0.91241
0.90834,0.91241
0.90834,0.91260
0.90853,0.91260
0.90862,0.91260
0.91086,0.91260
0.91096,0.91260
0.91138,0.91260
0.91147,0.91260
0.91175,0.91260
0.91175,0.91278
0.91302,0.91278
0.91311,0.91278
0.91334,0.91278
0.91344,0.91278
0.91367,0.91278
0.91367,0.91297
0.91470,0.91297
0.91470,0.91316
0.91812,0.91316
0.91821,0.91316
0.91849,0.91316
0.91859,0.91316
0.91896,0.91316
0.91905,0.91316
0.92238,0.91316
0.92238,0.91334
0.92270,0.91334
0.92280,0.91334
0.92425,0.91334
0.92434,0.91334
0.92448,0.91334
0.92457,0.91334
0.92509,0.91334
0.92509,0.91353
0.92598,0.91353
0.92607,0.91353
0.92757,0.91353
0.92766,0.91353
0.92846,0.91353
0.92855,0.91353
0.92855,0.91372
0.92874,0.91372
0.92874,0.91391
0.92897,0.91391
0.92907,0.91391
0.93014,0.91391
0.93014,0.91409
0.93220,0.91409
0.93220,0.91428
0.93482,0.91428
0.93482,0.91447
0.93768,0.91447
0.93768,0.91465
0.93852,0.91465
0.93852,0.91484
0.93866,0.91484
0.93866,0.91503
0.94310,0.91503
0.94310,0.91522
0.94324,0.91522
0.94324,0.91540
0.94352,0.91540
0.94352,0.91559
0.94409,0.91559
0.94409,0.91578
0.94526,0.91578
0.94526,0.91596
0.94530,0.91596
0.94530,0.91615
0.94750,0.91615
0.94750,0.91653
0.94834,0.91653
0.94834,0.91690
0.94881,0.91690
0.94881,0.91709
0.94951,0.91709
0.94951,0.91727
0.95096,0.91727
0.95096,0.91746
0.95213,0.91746
0.95213,0.91765
0.95288,0.91765
0.95288,0.91784
0.95293,0.91784
0.95293,0.91802
0.95335,0.91802
0.95335,0.91821
0.95391,0.91821
0.95391,0.91840
0.95424,0.91840
0.95424,0.91859
0.95485,0.91859
0.95485,0.91877
0.95517,0.91877
0.95517,0.91896
0.95527,0.91896
0.95527,0.91915
0.95602,0.91915
0.95602,0.91933
0.95686,0.91933
0.95686,0.91952
0.95761,0.91952
0.95761,0.91971
0.95765,0.91971
0.95765,0.91990
0.95780,0.91990
0.95780,0.92008
0.95929,0.92008
0.95929,0.92027
0.95948,0.92027
0.95948,0.92046
0.95999,0.92046
0.95999,0.92064
0.96004,0.92064
0.96004,0.92083
0.96013,0.92083
0.96013,0.92102
0.96098,0.92102
0.96098,0.92121
0.96149,0.92121
0.96149,0.92139
0.96168,0.92139
0.96168,0.92158
0.96247,0.92158
0.96247,0.92177
0.96266,0.92177
0.96266,0.92195
0.96280,0.92195
0.96280,0.92252
0.96299,0.92252
0.96299,0.92289
0.96378,0.92289
0.96378,0.92308
0.96463,0.92308
0.96463,0.92345
0.96472,0.92345
0.96472,0.92364
0.96547,0.92364
0.96547,0.92401
0.96570,0.92401
0.96570,0.92420
0.96603,0.92420
0.96603,0.92439
0.96664,0.92439
0.96664,0.92457
0.96678,0.92457
0.96678,0.92476
0.96683,0.92476
0.96683,0.92514
0.96692,0.92514
0.96692,0.92532
0.96711,0.92532
0.96711,0.92551
0.96720,0.92551
0.96720,0.92570
0.96729,0.92570
0.96729,0.92607
0.96739,0.92607
0.96739,0.92645
0.96753,0.92645
0.96753,0.92663
0.96762,0.92663
0.96762,0.92682
0.96790,0.92682
0.96790,0.92719
0.96837,0.92719
0.96837,0.92738
0.96846,0.92738
0.96846,0.92757
0.96921,0.92757
0.96921,0.92776
0.96931,0.92776
0.96931,0.92794
0.96968,0.92794
0.96968,0.92832
0.97015,0.92832
0.97015,0.92850
0.97038,0.92850
0.97038,0.92869
0.97057,0.92869
0.97057,0.92888
0.97066,0.92888
0.97066,0.92907
0.97104,0.92907
0.97104,0.92925
0.97118,0.92925
0.97118,0.92944
0.97122,0.92944
0.97136,0.92944
0.97141,0.92944
0.97141,0.92963
0.97160,0.92963
0.97160,0.92981
0.97174,0.92981
0.97174,0.93000
0.97216,0.93000
0.97216,0.93019
0.97253,0.93019
0.97253,0.93038
0.97370,0.93038
0.97370,0.93056
0.97422,0.93056
0.97422,0.93075
0.97450,0.93075
0.97450,0.93094
0.97483,0.93094
0.97483,0.93112
0.97487,0.93112
0.97487,0.93131
0.97586,0.93131
0.97586,0.93150
0.97595,0.93150
0.97614,0.93150
0.97614,0.93169
0.97618,0.93169
0.97618,0.93187
0.97656,0.93187
0.97656,0.93206
0.97763,0.93206
0.97763,0.93225
0.97768,0.93225
0.97768,0.93243
0.97777,0.93243
0.97777,0.93262
0.97829,0.93262
0.97829,0.93300
0.97838,0.93300
0.97838,0.93337
0.97885,0.93337
0.97885,0.93356
0.98044,0.93356
0.98044,0.93375
0.98114,0.93375
0.98114,0.93393
0.98128,0.93393
0.98128,0.93412
0.98222,0.93412
0.98222,0.93431
0.98311,0.93431
0.98311,0.93449
0.98498,0.93449
0.98498,0.93468
0.98540,0.93468
0.98540,0.93487
0.98568,0.93487
0.98568,0.93524
0.98624,0.93524
0.98624,0.93543
0.98629,0.93543
0.98629,0.93562
0.98638,0.93562
0.98638,0.93580
0.98652,0.93580
0.98652,0.93599
0.98690,0.93599
0.98690,0.93618
0.98699,0.93618
0.98699,0.93655
0.98704,0.93655
0.98704,0.93674
0.98727,0.93674
0.98727,0.93693
0.98751,0.93693
0.98751,0.93711
0.98755,0.93711
0.98755,0.93730
0.98793,0.93730
0.98793,0.93749
0.98797,0.93749
0.98797,0.93768
0.98812,0.93768
0.98812,0.93805
0.98816,0.93805
0.98816,0.93861
0.98835,0.93861
0.98835,0.93880
0.98840,0.93880
0.98840,0.93917
0.98868,0.93917
0.98868,0.93955
0.98882,0.93955
0.98882,0.93973
0.98891,0.93973
0.98891,0.94030
0.98896,0.94030
0.98896,0.94067
0.98900,0.94067
0.98900,0.94086
0.98914,0.94086
0.98914,0.94104
0.98919,0.94104
0.98919,0.94329
0.98924,0.94329
0.98924,0.94348
0.98929,0.94348
0.98929,0.94554
0.98933,0.94554
0.98933,0.94610
0.98938,0.94610
0.98938,0.94759
0.98947,0.94759
0.98947,0.94834
0.98952,0.94834
0.98952,0.94928
0.98957,0.94928
0.98957,0.95377
0.98957,0.95415
0.98957,0.95433
0.98961,0.95433
0.98961,0.95527
0.98966,0.95527
0.98966,0.95677
0.98971,0.95677
0.98971,0.95882
0.98975,0.95882
0.98975,0.95920
0.98980,0.95920
0.98980,0.96088
0.98985,0.96088
0.98985,0.96481
0.98989,0.96481
0.98989,0.96837
0.98999,0.96837
0.98999,0.97062
0.99003,0.97062
0.99003,0.97267
0.99008,0.97267
0.99008,0.97305
0.99013,0.97305
0.99013,0.97398
0.99017,0.97398
0.99017,0.97417
0.99022,0.97417
0.99022,0.97473
0.99027,0.97473
0.99027,0.97548
0.99036,0.97548
0.99036,0.97623
0.99041,0.97623
0.99041,0.97642
0.99050,0.97642
0.99050,0.97885
0.99055,0.97885
0.99055,0.98353
0.99060,0.98353
0.99060,0.98409
0.99064,0.98409
0.99064,0.98447
0.99069,0.98447
0.99069,0.98578
0.99074,0.98578
0.99074,0.98971
0.99083,0.98971
0.99083,0.99120
0.99088,0.99120
0.99088,0.99289
0.99092,0.99289
0.99092,0.99326
0.99102,0.99326
0.99102,0.99364
0.99106,0.99364
0.99106,0.99382
0.99111,0.99382
0.99111,0.99401
0.99120,0.99401
0.99120,0.99457
0.99130,0.99457
0.99130,0.99476
0.99134,0.99476
0.99134,0.99495
0.99139,0.99495
0.99139,0.99570
0.99158,0.99570
0.99158,0.99588
0.99167,0.99588
0.99167,0.99607
0.99181,0.99607
0.99181,0.99626
0.99191,0.99626
0.99191,0.99663
0.99195,0.99663
0.99195,0.99682
0.99205,0.99682
0.99205,0.99701
0.99209,0.99701
0.99209,0.99719
0.99219,0.99719
0.99219,0.99738
0.99223,0.99738
0.99223,0.99757
0.99233,0.99757
0.99233,0.99775
0.99237,0.99775
0.99237,0.99850
0.99242,0.99850
0.99242,0.99869
0.99247,0.99869
0.99247,0.99925
0.99265,0.99925
0.99265,0.99944
0.99284,0.99944
0.99284,0.99963
0.99303,0.99963
0.99303,0.99981
0.99691,0.99981
0.99691,1.00000
1.00000,1.00000
